N,P,K,temperature,humidity,ph,rainfall,label
85.0,36.7,41.8,21.63,75.92,6.77,258.71,Rice
78.6,44.6,42.8,22.3,79.9,7.16,208.34,Rice
86.5,45.3,45.4,25.57,82.32,5.84,262.09,Rice
95.2,41.6,45.3,25.23,82.49,6.63,276.67,Rice
77.7,46.7,33.1,23.65,80.5,6.14,248.4,Rice
77.7,51.2,35.3,23.99,84.79,6.21,292.3,Rice
95.8,63.1,42.6,26.89,78.03,6.16,212.79,Rice
87.7,49.4,42.6,22.22,81.73,6.05,198.66,Rice
75.3,50.1,42.6,25.07,82.78,6.42,182.64,Rice
85.4,47.4,59.3,23.19,84.36,6.07,280.88,Rice
75.4,32.6,42.9,23.16,85.15,6.51,255.63,Rice
75.3,47.8,45.7,26.45,77.8,6.38,234.33,Rice
82.4,48.5,44.8,25.76,76.16,6.3,244.4,Rice
60.9,67.7,43.3,25.73,87.41,6.04,202.24,Rice
62.8,46.5,38.4,26.96,83.63,6.17,309.37,Rice
74.4,50.4,43.8,23.75,79.31,6.7,239.88,Rice
69.9,47.7,36.1,25.4,88.5,6.6,239.28,Rice
83.1,38.7,38.8,22.92,82.76,6.01,257.77,Rice
70.9,57.1,37.6,24.51,87.02,6.44,250.43,Rice
65.9,54.0,40.4,23.37,82.57,6.7,242.72,Rice
94.7,54.3,51.6,23.94,90.54,5.73,212.29,Rice
77.7,40.7,30.7,25.19,89.32,6.62,250.14,Rice
80.7,59.2,43.4,21.65,81.3,6.13,292.46,Rice
65.8,36.8,31.9,28.93,86.19,6.63,276.36,Rice
74.6,52.7,37.6,21.18,84.88,6.09,283.8,Rice
81.1,65.5,45.4,20.66,87.77,5.68,220.66,Rice
68.5,40.1,40.3,26.6,78.44,5.75,206.31,Rice
83.8,43.5,34.6,25.68,85.04,6.42,232.23,Rice
74.0,48.8,36.4,25.26,86.53,6.5,237.67,Rice
77.1,44.0,43.4,25.27,75.27,6.04,268.83,Rice
74.0,35.6,36.3,23.67,77.57,6.66,185.23,Rice
98.5,48.5,41.1,21.46,74.14,5.74,281.89,Rice
79.9,39.5,40.2,23.89,81.22,6.37,231.26,Rice
69.4,51.8,36.7,22.01,85.17,5.92,223.19,Rice
88.2,40.6,50.7,26.14,88.31,6.14,205.64,Rice
67.8,60.4,43.2,23.33,82.6,6.42,186.35,Rice
82.1,41.7,29.9,21.64,88.81,6.06,260.7,Rice
60.4,45.4,40.9,22.9,76.78,6.25,238.2,Rice
66.7,54.5,36.7,24.73,75.49,6.8,197.3,Rice
82.0,38.2,44.3,22.29,82.08,6.17,197.15,Rice
87.4,49.8,36.0,21.64,83.84,6.73,225.93,Rice
81.7,58.5,39.4,24.31,82.17,5.95,286.07,Rice
78.8,35.1,42.5,24.31,74.03,6.61,228.21,Rice
77.0,49.5,44.3,22.43,81.94,6.98,190.91,Rice
65.2,50.1,34.0,22.52,77.08,5.41,228.63,Rice
72.8,54.3,38.3,24.28,84.98,6.08,227.82,Rice
75.4,38.1,37.6,20.08,83.77,6.63,155.09,Rice
90.6,37.4,36.7,20.18,78.54,6.32,234.37,Rice
83.4,52.2,48.8,21.9,80.24,6.55,229.07,Rice
62.4,50.4,42.0,23.17,78.06,6.16,256.89,Rice
83.2,50.0,33.7,24.48,82.05,6.43,291.47,Rice
76.1,50.8,44.6,27.39,86.12,6.34,269.8,Rice
73.2,42.6,50.6,25.84,78.36,6.87,227.93,Rice
86.1,49.9,45.2,23.3,84.32,6.5,202.8,Rice
90.3,50.3,32.4,23.65,80.18,6.54,313.2,Rice
89.3,42.3,37.6,21.19,79.13,6.24,237.78,Rice
71.6,62.9,46.3,23.65,81.87,6.2,236.42,Rice
76.9,51.8,36.5,22.98,78.16,6.23,235.28,Rice
83.3,38.5,42.2,24.51,80.09,6.56,241.94,Rice
89.8,53.3,43.9,21.63,77.51,6.23,231.67,Rice
75.2,40.2,35.4,25.0,90.16,6.52,218.79,Rice
78.1,54.3,39.7,27.53,82.44,7.23,219.59,Rice
68.9,57.3,23.8,23.43,79.5,6.75,235.02,Rice
68.0,41.4,34.9,24.7,83.16,6.27,219.7,Rice
88.1,55.7,38.7,25.43,81.85,6.88,214.61,Rice
93.6,51.3,33.8,22.7,81.42,6.24,239.19,Rice
79.3,54.6,48.2,24.26,84.76,5.58,228.35,Rice
90.0,63.2,32.8,23.73,85.33,6.0,281.12,Rice
83.6,46.0,37.8,23.94,80.18,5.65,156.47,Rice
73.5,42.0,40.7,21.77,80.0,6.26,268.75,Rice
83.6,40.9,47.2,23.76,81.2,6.41,273.38,Rice
95.4,41.5,32.8,24.94,73.09,7.07,173.8,Rice
79.6,47.4,45.8,27.33,76.24,6.53,225.72,Rice
95.6,50.7,40.1,26.1,87.77,6.31,224.86,Rice
53.8,50.2,35.1,29.08,88.88,6.73,193.77,Rice
88.2,54.6,42.3,21.78,81.3,5.52,212.67,Rice
80.9,48.1,41.0,25.88,84.61,6.49,202.68,Rice
77.0,59.6,37.0,24.16,83.55,6.71,288.57,Rice
80.9,45.9,40.3,29.17,94.62,5.81,264.07,Rice
60.1,69.8,38.1,21.68,86.78,6.86,274.15,Rice
77.8,53.0,40.6,21.6,81.79,6.54,257.65,Rice
83.6,41.1,43.3,22.2,78.48,6.23,202.13,Rice
94.8,39.4,47.9,18.39,75.87,6.65,220.26,Rice
74.8,51.9,33.8,22.39,83.11,7.31,250.68,Rice
71.9,46.2,50.7,21.8,79.27,6.47,199.34,Rice
75.0,53.7,30.2,24.08,76.61,6.5,257.39,Rice
89.2,51.8,39.2,24.55,79.71,6.22,228.79,Rice
83.3,47.4,42.9,28.39,77.97,6.06,224.76,Rice
74.7,41.2,41.4,26.08,89.05,6.73,257.33,Rice
85.1,35.9,36.9,22.26,85.83,6.06,249.33,Rice
81.0,44.4,39.0,21.45,82.27,6.43,225.17,Rice
89.7,54.9,37.5,24.93,88.22,6.21,270.78,Rice
73.0,49.7,37.1,20.4,82.61,6.59,203.57,Rice
76.7,38.0,44.2,28.28,78.85,6.53,254.48,Rice
76.1,49.4,41.8,26.65,88.39,6.82,253.79,Rice
65.4,51.1,36.5,22.53,84.46,6.2,226.71,Rice
83.0,40.9,44.5,19.42,78.15,6.29,245.78,Rice
82.6,49.2,41.5,27.08,81.54,6.01,198.47,Rice
80.1,48.5,44.1,23.41,78.8,6.22,263.72,Rice
77.7,38.9,43.1,26.79,76.77,6.55,230.45,Rice
71.7,55.5,21.5,26.32,70.09,6.25,74.78,Maize
90.6,43.9,18.4,24.99,50.62,6.03,99.68,Maize
69.5,48.8,20.1,22.57,75.54,6.25,82.18,Maize
61.1,44.3,25.1,20.59,64.4,6.42,73.46,Maize
59.3,44.5,20.8,24.36,70.64,6.22,92.85,Maize
85.3,45.5,20.2,23.5,59.9,6.22,71.32,Maize
62.6,49.8,14.6,24.91,68.16,5.92,85.22,Maize
99.1,44.2,23.0,24.18,59.83,5.93,84.66,Maize
53.0,58.0,22.6,25.34,61.98,5.64,101.09,Maize
98.4,40.8,28.7,20.9,74.67,6.9,91.92,Maize
80.5,46.5,18.8,26.09,64.15,5.7,84.42,Maize
76.8,44.5,20.9,22.95,66.19,5.92,97.07,Maize
71.5,59.6,21.0,28.21,69.45,5.91,105.65,Maize
82.8,49.6,26.3,20.47,67.58,6.56,93.17,Maize
77.5,56.3,19.6,27.26,65.85,6.08,84.96,Maize
91.2,36.1,21.1,22.95,66.92,6.7,65.12,Maize
79.4,50.1,22.4,20.58,77.12,5.93,68.82,Maize
79.8,55.1,20.7,21.05,64.81,6.31,80.22,Maize
73.6,48.7,18.2,21.5,66.11,5.87,75.66,Maize
77.3,56.5,20.8,23.59,70.35,7.06,82.0,Maize
81.7,43.9,24.3,23.86,70.63,5.72,85.65,Maize
57.5,59.3,15.9,20.79,71.04,6.32,92.75,Maize
61.8,66.4,20.5,22.33,68.29,6.45,83.74,Maize
86.9,45.1,17.2,28.4,59.38,6.37,92.1,Maize
80.1,44.4,24.8,27.24,73.27,6.13,85.77,Maize
75.8,59.6,13.9,23.62,59.37,6.15,55.17,Maize
78.2,60.6,17.8,22.51,66.61,6.22,70.71,Maize
82.2,43.8,21.5,22.74,61.33,6.14,82.64,Maize
71.5,44.6,26.3,24.12,64.78,6.59,66.65,Maize
68.7,45.7,19.7,19.54,66.74,7.08,93.8,Maize
80.4,37.2,17.8,21.68,66.71,5.98,107.76,Maize
66.3,40.7,27.5,17.73,67.21,5.65,103.08,Maize
82.9,40.0,14.2,23.52,73.17,6.16,81.6,Maize
57.6,41.9,11.2,24.21,67.37,7.23,107.16,Maize
90.3,47.7,21.8,21.05,63.88,5.88,87.03,Maize
83.7,49.9,18.0,26.81,69.92,6.86,79.74,Maize
81.1,60.4,15.9,18.97,71.05,6.87,75.6,Maize
89.8,40.0,22.8,18.3,58.96,5.98,80.26,Maize
98.0,55.9,21.0,23.03,68.09,6.43,78.98,Maize
90.2,46.3,17.7,25.33,68.61,6.85,87.36,Maize
55.9,47.6,14.9,27.11,63.61,6.05,87.21,Maize
62.6,53.4,23.5,21.12,71.98,6.12,84.85,Maize
70.5,39.0,22.6,25.42,64.35,5.97,91.35,Maize
78.3,51.1,19.6,22.29,65.73,5.79,102.66,Maize
84.2,49.3,27.4,21.92,64.23,5.94,99.04,Maize
69.3,51.9,15.7,24.87,65.18,5.71,62.53,Maize
80.2,50.3,13.9,24.23,59.62,6.21,46.49,Maize
68.9,67.6,17.2,17.99,57.9,5.89,98.81,Maize
70.7,42.9,19.8,26.53,73.07,6.29,64.3,Maize
61.1,43.8,21.0,26.26,60.87,5.58,81.43,Maize
66.9,43.0,19.0,20.65,60.14,6.33,67.25,Maize
61.8,43.6,21.4,23.51,54.33,6.53,57.77,Maize
66.3,42.9,15.0,23.78,61.91,5.4,92.92,Maize
90.6,57.5,25.8,23.13,58.48,6.35,96.19,Maize
66.6,59.4,19.7,20.86,73.31,6.69,76.15,Maize
109.6,43.4,24.5,20.52,70.15,5.72,45.93,Maize
83.9,41.3,21.4,22.33,61.66,6.87,76.61,Maize
80.2,51.8,21.8,25.68,76.36,6.37,90.68,Maize
67.7,43.6,22.3,23.92,70.01,5.92,62.62,Maize
86.4,53.1,21.8,21.36,63.48,6.18,87.55,Maize
71.1,49.6,22.6,24.56,52.6,6.42,84.57,Maize
79.5,35.9,25.3,14.42,76.55,6.23,93.49,Maize
108.7,60.4,20.8,25.62,58.15,6.42,86.59,Maize
76.8,62.4,22.8,17.53,56.87,5.83,70.2,Maize
91.8,43.1,19.6,21.39,70.21,6.27,102.75,Maize
69.6,44.9,25.8,19.26,77.3,5.63,82.42,Maize
77.6,50.3,17.3,18.77,72.02,6.16,84.39,Maize
99.2,50.7,27.2,25.65,67.92,5.84,70.8,Maize
70.5,53.3,19.8,21.09,68.07,5.91,78.15,Maize
99.7,64.1,14.3,23.37,69.37,6.69,71.53,Maize
86.5,46.6,20.5,22.27,68.89,6.64,82.21,Maize
71.3,41.6,17.3,23.74,66.51,6.44,110.48,Maize
85.6,37.0,23.4,22.62,65.62,5.76,64.22,Maize
89.7,42.2,17.4,18.81,64.79,6.07,60.6,Maize
85.5,47.7,18.2,25.19,61.33,6.69,106.87,Maize
59.2,62.4,12.4,21.02,63.7,6.26,81.66,Maize
69.3,43.9,18.2,18.04,56.64,7.13,74.76,Maize
75.0,49.8,10.3,21.2,64.61,6.36,100.4,Maize
77.1,47.9,13.7,26.6,60.16,6.28,75.72,Maize
85.4,57.5,23.0,24.78,59.58,6.08,112.19,Maize
80.1,68.2,23.1,21.42,66.0,6.25,94.97,Maize
62.0,43.8,21.7,21.42,72.06,6.14,77.48,Maize
82.6,44.1,16.1,21.5,69.69,6.48,117.16,Maize
85.3,56.4,19.8,28.21,57.25,6.58,75.71,Maize
84.7,53.5,20.0,23.47,60.15,5.89,95.93,Maize
91.0,62.8,15.4,23.6,69.8,5.67,89.29,Maize
88.0,52.7,26.0,25.28,60.19,5.47,104.33,Maize
83.5,45.1,23.5,23.07,63.98,6.4,108.22,Maize
77.2,52.7,19.1,21.67,67.85,5.76,85.28,Maize
58.1,56.9,20.1,21.85,60.26,5.34,73.5,Maize
83.2,54.6,20.8,22.2,65.63,6.36,91.7,Maize
80.5,52.1,11.8,22.3,58.43,7.2,74.63,Maize
81.3,56.5,19.0,24.44,62.09,6.2,115.0,Maize
62.7,57.4,17.3,22.55,66.7,6.54,86.85,Maize
65.0,59.1,16.0,24.45,57.14,6.23,79.32,Maize
90.6,53.2,18.9,22.17,67.3,6.16,87.57,Maize
77.5,46.7,27.2,22.62,65.0,6.57,64.59,Maize
86.2,49.2,22.6,16.81,67.86,6.08,70.23,Maize
78.3,57.7,17.7,24.97,66.22,6.31,102.81,Maize
78.4,41.5,22.3,23.37,71.92,6.33,74.95,Maize
31.6,73.4,77.9,19.6,22.6,7.58,73.35,Chickpea
44.3,64.1,87.2,19.88,16.72,7.17,78.65,Chickpea
49.5,62.3,75.1,20.17,14.77,7.77,72.18,Chickpea
45.8,68.0,74.2,21.12,12.36,7.45,77.02,Chickpea
48.0,66.8,76.1,19.72,11.49,7.26,61.16,Chickpea
33.9,64.8,73.3,18.42,12.15,7.48,82.23,Chickpea
28.6,72.9,79.7,20.25,17.7,6.67,80.11,Chickpea
52.0,74.7,88.7,22.7,18.43,6.85,71.93,Chickpea
37.4,68.6,80.9,18.63,12.16,6.82,86.69,Chickpea
38.0,78.3,77.5,16.95,19.59,7.36,89.48,Chickpea
50.6,60.0,77.2,21.11,15.45,7.99,64.02,Chickpea
44.4,66.6,69.6,18.66,17.34,8.19,72.47,Chickpea
43.6,63.0,84.3,14.55,21.74,7.56,72.41,Chickpea
57.3,54.9,78.5,20.59,19.59,7.5,70.7,Chickpea
34.9,67.4,77.9,17.83,16.09,6.58,88.39,Chickpea
47.4,67.1,98.2,18.72,14.23,7.08,78.16,Chickpea
40.5,78.6,80.8,19.56,10.44,6.98,77.45,Chickpea
42.1,72.4,74.5,19.28,14.74,7.05,60.06,Chickpea
52.2,60.8,76.4,20.32,16.27,7.23,86.45,Chickpea
44.1,81.0,85.9,18.03,13.94,7.11,67.71,Chickpea
44.3,76.5,79.7,19.93,16.51,6.51,80.7,Chickpea
48.6,72.1,70.4,18.38,17.13,7.6,82.87,Chickpea
37.1,66.4,84.5,20.38,16.23,6.87,93.71,Chickpea
33.3,61.3,75.0,20.13,14.95,7.4,67.01,Chickpea
31.6,65.4,90.2,17.03,17.41,8.13,49.9,Chickpea
24.3,75.6,85.5,21.07,18.23,6.93,81.94,Chickpea
56.4,81.2,76.3,17.83,13.63,6.29,98.11,Chickpea
31.2,78.8,86.7,20.52,21.13,7.19,92.49,Chickpea
38.2,64.6,79.4,19.63,16.6,7.74,82.2,Chickpea
37.8,60.2,84.1,22.58,16.96,8.08,75.18,Chickpea
42.5,69.0,81.9,18.45,19.02,6.81,88.17,Chickpea
46.5,55.6,73.9,18.2,17.6,7.5,70.36,Chickpea
46.9,70.3,75.1,18.86,19.76,7.11,84.86,Chickpea
35.3,67.0,85.2,18.29,17.76,7.26,85.15,Chickpea
38.7,64.7,77.0,20.5,15.06,8.36,90.7,Chickpea
42.3,56.8,76.6,15.67,17.98,6.7,107.7,Chickpea
38.0,71.6,73.3,16.79,13.47,7.4,84.02,Chickpea
52.9,64.3,81.5,16.76,17.23,7.49,75.01,Chickpea
43.9,59.8,91.4,20.8,16.8,7.73,79.84,Chickpea
45.9,47.9,72.6,22.32,16.28,7.34,62.41,Chickpea
45.3,67.8,79.1,18.69,16.51,7.42,73.15,Chickpea
49.4,80.4,87.5,18.56,11.25,7.14,76.01,Chickpea
41.4,79.6,78.5,19.04,15.25,7.41,74.86,Chickpea
29.6,64.8,81.7,21.22,17.18,7.16,81.62,Chickpea
43.2,63.8,72.6,17.05,17.38,7.55,71.88,Chickpea
34.8,71.3,81.6,19.38,13.82,7.15,91.31,Chickpea
35.8,61.0,77.9,20.85,20.7,7.45,80.1,Chickpea
44.7,70.1,84.9,19.9,14.3,7.29,80.01,Chickpea
49.9,73.4,86.1,19.28,19.81,7.75,76.82,Chickpea
40.2,76.6,94.5,20.9,18.18,7.28,81.65,Chickpea
42.5,67.3,82.5,13.49,14.96,6.59,88.35,Chickpea
53.6,66.6,81.0,20.26,22.23,7.8,71.43,Chickpea
41.9,61.9,80.2,17.59,13.32,6.94,73.52,Chickpea
60.8,62.2,76.9,15.24,19.66,7.04,77.06,Chickpea
44.5,66.4,81.0,19.92,19.9,7.06,66.64,Chickpea
25.9,70.6,77.2,21.65,14.89,7.85,71.91,Chickpea
46.0,74.4,80.0,18.63,21.08,6.45,75.34,Chickpea
43.0,62.4,86.9,20.81,16.15,8.56,88.84,Chickpea
50.3,78.4,73.0,22.12,17.77,7.72,82.73,Chickpea
45.4,66.1,85.8,21.53,17.68,7.39,82.04,Chickpea
38.9,67.9,86.9,22.18,16.5,7.28,88.61,Chickpea
30.2,62.8,78.3,20.38,19.33,7.41,78.73,Chickpea
38.3,51.0,66.3,19.05,19.28,7.51,84.0,Chickpea
33.2,74.2,75.4,15.7,11.65,7.56,79.07,Chickpea
35.4,73.2,86.8,18.41,20.81,7.52,82.75,Chickpea
44.7,66.0,78.9,17.21,11.91,7.34,74.27,Chickpea
53.4,68.5,73.0,23.24,20.0,7.22,55.71,Chickpea
43.2,71.6,76.0,18.55,20.28,7.24,78.76,Chickpea
30.4,57.1,84.0,19.15,13.63,7.22,94.33,Chickpea
43.6,64.3,82.3,20.0,15.67,7.75,89.36,Chickpea
49.6,73.6,77.6,18.99,13.58,7.54,89.75,Chickpea
35.1,59.2,76.8,22.29,16.26,6.12,92.46,Chickpea
38.9,70.1,76.6,17.65,15.98,7.56,80.99,Chickpea
40.1,58.5,73.5,19.29,19.24,7.38,82.07,Chickpea
33.7,71.3,88.7,17.42,20.83,7.29,73.92,Chickpea
45.2,67.8,77.1,16.26,21.09,7.14,76.94,Chickpea
39.0,56.7,86.3,17.68,15.21,7.75,86.26,Chickpea
43.4,76.2,88.1,18.83,16.27,7.68,92.14,Chickpea
32.9,62.9,85.0,18.04,11.85,6.99,78.71,Chickpea
36.5,62.3,76.4,17.52,14.48,7.46,75.6,Chickpea
45.8,69.4,81.4,16.09,19.79,6.91,80.11,Chickpea
37.0,76.0,78.9,18.73,21.75,6.75,86.11,Chickpea
53.8,60.9,73.6,15.89,13.2,7.05,65.66,Chickpea
36.8,68.4,80.9,20.42,15.12,7.64,57.14,Chickpea
41.8,71.0,71.9,19.06,16.82,7.68,74.59,Chickpea
47.5,72.9,86.1,15.98,17.74,7.51,67.89,Chickpea
28.7,69.2,76.2,18.28,14.47,7.59,75.02,Chickpea
25.9,65.4,80.2,17.4,18.17,7.51,78.62,Chickpea
27.8,62.2,80.7,19.54,15.48,7.04,75.57,Chickpea
50.1,68.6,77.4,21.58,16.86,7.47,94.62,Chickpea
35.6,60.5,82.5,15.15,18.54,7.62,83.37,Chickpea
60.5,47.6,76.2,19.13,16.92,7.6,83.1,Chickpea
35.5,71.1,84.2,18.58,15.59,7.78,86.32,Chickpea
41.5,74.3,70.9,20.24,16.57,7.58,68.71,Chickpea
52.3,51.5,79.8,19.33,16.63,7.44,90.49,Chickpea
56.0,60.9,90.6,17.4,15.79,7.73,79.34,Chickpea
56.5,72.3,73.0,18.26,16.12,7.29,86.8,Chickpea
49.7,82.4,74.9,17.31,21.7,6.95,69.38,Chickpea
48.2,68.1,82.1,21.05,18.58,7.23,64.56,Chickpea
44.7,62.9,80.1,18.94,16.01,7.0,88.28,Chickpea
22.9,79.6,24.2,18.51,23.6,4.95,111.7,Kidneybeans
16.5,65.7,16.0,20.49,24.99,5.95,122.26,Kidneybeans
16.7,72.0,18.5,18.9,20.44,5.45,136.08,Kidneybeans
26.6,57.9,21.0,19.5,19.46,5.22,121.26,Kidneybeans
15.1,60.3,28.0,23.78,17.8,5.45,109.64,Kidneybeans
29.2,70.3,32.4,23.05,18.71,5.63,121.58,Kidneybeans
16.5,77.4,22.4,17.24,31.92,5.46,108.07,Kidneybeans
24.2,69.5,19.3,21.93,25.96,4.82,106.26,Kidneybeans
19.4,64.8,22.1,21.89,16.87,6.06,100.63,Kidneybeans
24.0,67.0,23.6,17.57,16.97,6.21,129.35,Kidneybeans
18.3,58.2,18.7,21.9,23.29,5.96,93.62,Kidneybeans
20.2,71.2,27.2,23.48,23.52,5.24,128.89,Kidneybeans
21.2,73.2,20.9,17.63,23.52,5.62,113.4,Kidneybeans
16.0,63.8,22.0,18.08,20.71,5.7,84.91,Kidneybeans
24.7,63.7,22.7,22.34,21.16,5.94,111.41,Kidneybeans
18.4,68.9,21.7,20.7,22.75,5.97,74.4,Kidneybeans
19.9,63.9,23.4,21.31,21.9,5.41,115.28,Kidneybeans
16.0,66.5,17.5,20.85,13.83,5.73,119.18,Kidneybeans
8.2,81.7,17.8,20.96,20.8,5.88,97.01,Kidneybeans
20.0,65.3,15.6,17.18,18.62,6.28,107.75,Kidneybeans
33.1,64.5,21.8,22.4,22.21,5.98,135.21,Kidneybeans
24.9,62.5,23.1,22.67,32.05,6.02,98.31,Kidneybeans
20.9,72.2,21.8,19.6,22.89,5.73,90.02,Kidneybeans
19.7,65.7,26.7,20.0,20.5,6.26,128.12,Kidneybeans
21.1,62.5,20.0,16.73,24.83,5.86,135.34,Kidneybeans
23.7,76.2,22.7,21.23,23.29,5.36,105.96,Kidneybeans
15.1,76.9,15.6,21.36,23.07,6.26,121.07,Kidneybeans
26.6,62.8,18.5,19.96,23.72,5.98,126.02,Kidneybeans
24.6,53.9,22.8,22.57,28.8,5.52,94.76,Kidneybeans
24.6,74.1,23.4,19.37,17.64,5.51,98.62,Kidneybeans
23.2,62.2,18.8,21.34,23.26,5.82,124.36,Kidneybeans
21.1,72.5,19.7,17.86,18.36,5.89,131.18,Kidneybeans
24.4,53.2,13.9,20.05,23.54,5.78,114.34,Kidneybeans
24.0,73.2,18.6,19.72,18.38,5.82,92.7,Kidneybeans
19.2,58.5,23.6,20.6,20.14,6.38,135.71,Kidneybeans
18.1,72.1,22.3,19.29,20.57,6.13,97.94,Kidneybeans
21.5,67.1,22.0,19.81,25.02,5.78,100.87,Kidneybeans
28.7,60.3,20.2,21.92,24.81,6.08,111.04,Kidneybeans
14.8,64.2,20.0,19.14,17.24,5.29,129.21,Kidneybeans
13.7,71.8,17.4,16.57,21.79,5.86,118.71,Kidneybeans
21.8,67.7,22.8,23.95,19.12,6.42,112.12,Kidneybeans
21.3,71.1,21.7,23.14,17.2,5.61,112.85,Kidneybeans
21.9,80.8,22.0,17.26,20.84,5.36,106.55,Kidneybeans
22.2,56.1,17.9,21.62,20.52,5.44,114.27,Kidneybeans
19.9,78.3,11.4,18.99,30.09,5.26,67.96,Kidneybeans
28.4,67.7,24.4,20.68,23.12,5.39,101.45,Kidneybeans
13.0,60.7,18.1,20.75,16.78,5.55,109.52,Kidneybeans
16.9,57.7,16.5,19.58,19.62,5.14,88.63,Kidneybeans
20.5,65.7,22.8,18.38,25.17,5.71,111.69,Kidneybeans
12.8,73.5,18.4,18.58,28.91,6.06,102.83,Kidneybeans
20.1,66.1,24.2,18.08,16.05,5.34,132.23,Kidneybeans
29.3,77.6,22.5,18.27,15.02,6.31,129.5,Kidneybeans
21.1,56.8,22.7,19.95,28.15,5.9,98.91,Kidneybeans
22.2,66.9,14.5,18.53,22.96,6.11,103.64,Kidneybeans
14.7,58.2,24.8,21.6,18.56,5.44,104.79,Kidneybeans
17.9,69.5,21.0,23.37,23.47,6.04,99.13,Kidneybeans
19.1,73.2,18.5,18.82,12.37,5.26,108.83,Kidneybeans
19.4,64.1,20.6,20.63,21.61,6.06,94.53,Kidneybeans
27.4,48.8,12.9,21.2,22.75,5.77,88.94,Kidneybeans
23.8,68.4,21.6,21.14,24.83,5.92,115.24,Kidneybeans
15.4,70.1,15.9,20.27,18.05,5.23,115.34,Kidneybeans
22.2,69.8,14.6,21.73,21.9,5.34,93.84,Kidneybeans
23.5,75.7,13.9,21.16,18.36,5.94,119.33,Kidneybeans
26.7,59.5,24.5,17.38,22.49,5.32,96.43,Kidneybeans
28.9,71.8,17.5,22.01,18.47,5.89,109.7,Kidneybeans
15.9,75.3,26.1,22.05,20.17,5.15,118.21,Kidneybeans
16.9,54.5,17.9,18.42,18.11,6.04,105.4,Kidneybeans
14.7,69.2,13.2,20.18,23.88,5.21,112.72,Kidneybeans
19.8,63.5,15.5,21.6,24.6,5.92,98.15,Kidneybeans
23.3,66.4,24.9,19.64,20.78,5.95,102.95,Kidneybeans
25.9,69.4,19.4,22.46,21.73,5.42,102.81,Kidneybeans
20.6,63.6,17.8,25.3,16.53,5.93,94.7,Kidneybeans
19.4,62.3,20.6,18.37,20.55,5.8,103.25,Kidneybeans
21.8,67.2,22.0,17.06,21.42,5.48,82.67,Kidneybeans
16.8,59.4,24.5,20.77,30.77,5.3,98.53,Kidneybeans
31.4,59.4,25.8,21.69,17.71,4.91,101.63,Kidneybeans
13.0,71.8,18.6,19.59,26.72,5.84,102.06,Kidneybeans
21.9,59.0,14.7,23.3,25.09,5.07,102.28,Kidneybeans
31.1,71.7,18.3,17.16,22.58,5.74,104.97,Kidneybeans
21.0,70.2,21.0,21.62,27.76,5.59,113.09,Kidneybeans
20.0,54.9,16.1,18.77,22.9,5.97,119.02,Kidneybeans
19.2,62.3,16.2,23.88,22.96,5.58,96.15,Kidneybeans
20.1,75.4,21.4,24.48,21.41,5.57,87.85,Kidneybeans
27.9,60.1,19.8,18.41,25.88,5.99,90.27,Kidneybeans
9.9,63.7,20.1,18.89,25.44,5.83,98.59,Kidneybeans
28.7,70.2,17.0,21.99,19.41,5.83,100.62,Kidneybeans
13.9,72.5,19.1,19.25,16.98,5.89,94.35,Kidneybeans
19.7,65.2,16.3,20.0,20.89,5.09,86.46,Kidneybeans
18.9,62.8,23.6,20.16,18.8,6.0,99.06,Kidneybeans
23.9,77.0,24.1,15.88,21.38,5.94,108.62,Kidneybeans
13.0,79.2,12.6,20.07,25.93,5.29,114.83,Kidneybeans
23.3,73.9,16.3,18.58,20.0,5.6,97.54,Kidneybeans
31.1,67.6,14.0,19.02,21.45,5.68,99.71,Kidneybeans
14.2,61.3,17.4,23.28,21.8,5.65,92.0,Kidneybeans
21.9,61.2,19.7,17.34,24.57,5.83,105.43,Kidneybeans
17.7,70.7,14.2,21.89,13.74,6.27,93.17,Kidneybeans
23.1,69.9,16.3,19.49,19.48,6.13,114.5,Kidneybeans
21.1,76.8,16.0,19.48,22.34,5.18,79.11,Kidneybeans
17.8,71.6,20.8,21.84,25.8,5.95,100.51,Kidneybeans
23.4,56.5,20.3,20.85,19.88,6.23,110.42,Kidneybeans
20.9,67.7,12.4,25.93,49.21,5.97,161.79,Pigeonpeas
33.5,65.0,16.6,29.84,50.65,5.33,163.74,Pigeonpeas
21.7,64.0,18.3,31.82,49.43,5.91,154.39,Pigeonpeas
15.0,70.3,27.6,30.38,55.77,5.29,147.03,Pigeonpeas
19.5,57.4,22.2,25.88,42.39,6.35,160.4,Pigeonpeas
11.1,73.3,14.7,28.6,44.04,6.33,86.19,Pigeonpeas
19.6,65.1,21.9,24.47,43.46,6.07,166.55,Pigeonpeas
15.8,60.1,13.8,29.13,53.08,5.98,152.65,Pigeonpeas
24.6,64.8,24.3,28.83,53.5,6.68,143.94,Pigeonpeas
17.3,76.8,18.1,23.03,50.81,5.8,200.67,Pigeonpeas
19.4,64.3,19.6,24.8,55.2,5.21,132.63,Pigeonpeas
16.8,70.5,25.3,26.99,41.03,6.02,139.42,Pigeonpeas
28.7,62.9,14.9,26.95,58.1,6.84,199.29,Pigeonpeas
18.4,73.3,14.4,24.68,57.24,5.29,128.7,Pigeonpeas
29.2,72.8,17.7,28.67,52.51,5.62,135.75,Pigeonpeas
24.1,80.9,24.2,28.33,58.79,6.01,145.82,Pigeonpeas
22.4,66.8,13.9,27.21,38.16,5.77,170.52,Pigeonpeas
21.8,72.7,8.7,25.81,44.95,5.31,154.7,Pigeonpeas
22.0,68.7,18.2,30.32,43.69,6.36,117.18,Pigeonpeas
10.4,77.1,22.2,31.84,52.43,6.96,136.2,Pigeonpeas
18.6,63.0,24.8,26.49,41.8,5.9,134.32,Pigeonpeas
24.2,73.2,18.1,26.17,52.64,5.35,147.57,Pigeonpeas
19.8,66.6,18.4,28.93,56.32,5.03,160.15,Pigeonpeas
13.0,67.6,24.6,26.8,52.27,5.93,159.96,Pigeonpeas
19.7,68.6,12.5,27.35,49.8,6.35,105.1,Pigeonpeas
28.5,69.8,18.4,29.55,42.17,6.04,176.1,Pigeonpeas
26.2,67.2,20.8,22.93,43.02,5.8,155.81,Pigeonpeas
19.7,69.5,21.8,31.0,55.6,5.51,184.11,Pigeonpeas
24.8,79.0,18.0,27.88,52.78,5.25,160.6,Pigeonpeas
18.2,74.9,20.1,26.67,47.87,6.22,177.03,Pigeonpeas
11.5,74.1,10.0,27.48,45.59,6.26,161.16,Pigeonpeas
15.4,64.8,17.4,27.61,35.95,5.03,183.16,Pigeonpeas
27.8,61.8,21.8,23.37,41.67,6.59,162.56,Pigeonpeas
18.6,74.7,16.1,31.44,59.57,6.09,147.05,Pigeonpeas
18.8,74.1,20.2,27.8,40.42,6.5,206.31,Pigeonpeas
18.5,78.3,21.8,28.81,49.24,5.13,171.73,Pigeonpeas
29.5,63.8,18.6,30.08,54.14,5.12,163.84,Pigeonpeas
28.1,66.4,20.7,25.15,40.57,5.73,117.59,Pigeonpeas
31.1,56.5,16.1,28.88,49.21,6.05,117.29,Pigeonpeas
19.2,65.3,19.2,27.03,53.73,6.7,156.82,Pigeonpeas
21.5,75.0,22.4,29.82,48.17,6.15,153.14,Pigeonpeas
12.4,64.7,20.6,22.38,65.31,5.68,134.15,Pigeonpeas
27.4,72.5,17.7,27.45,38.09,5.29,153.02,Pigeonpeas
14.2,66.7,20.9,26.19,54.45,6.42,189.22,Pigeonpeas
21.1,70.3,22.9,28.78,47.06,5.32,166.89,Pigeonpeas
14.5,60.0,11.8,28.88,52.73,6.61,120.97,Pigeonpeas
17.1,68.6,24.6,25.93,50.75,5.66,146.71,Pigeonpeas
15.8,47.1,18.7,25.92,43.7,6.6,129.38,Pigeonpeas
17.0,66.7,21.7,27.42,49.47,6.14,139.81,Pigeonpeas
17.3,56.6,24.8,25.46,36.95,5.73,139.16,Pigeonpeas
17.3,76.4,14.5,29.8,51.72,5.54,137.56,Pigeonpeas
24.2,73.4,17.2,26.78,49.89,5.63,118.12,Pigeonpeas
14.5,71.3,18.8,20.43,51.93,6.01,146.31,Pigeonpeas
21.1,78.6,16.9,26.76,54.45,5.84,135.48,Pigeonpeas
26.1,61.4,26.9,25.1,50.31,5.5,76.26,Pigeonpeas
17.4,80.2,16.6,23.62,48.99,5.72,200.82,Pigeonpeas
16.4,74.5,17.8,24.61,42.81,5.84,176.72,Pigeonpeas
18.8,66.3,20.8,27.97,43.83,4.74,140.09,Pigeonpeas
25.9,75.9,15.2,31.02,55.22,6.03,149.97,Pigeonpeas
21.0,60.3,18.4,28.48,56.72,5.31,120.21,Pigeonpeas
17.3,62.2,21.3,26.18,46.67,5.22,191.89,Pigeonpeas
22.4,63.7,18.7,28.84,48.38,4.96,196.93,Pigeonpeas
14.5,64.3,19.6,26.55,42.67,4.9,153.42,Pigeonpeas
23.4,60.6,17.9,25.96,55.14,5.12,175.09,Pigeonpeas
22.0,76.6,13.9,24.81,52.09,5.45,153.88,Pigeonpeas
18.5,66.2,21.3,23.32,59.75,6.78,116.08,Pigeonpeas
15.8,70.5,27.0,26.73,42.83,5.54,139.2,Pigeonpeas
15.6,64.0,20.1,28.1,45.83,5.89,152.8,Pigeonpeas
22.7,55.3,20.9,27.46,49.49,6.0,138.14,Pigeonpeas
26.1,69.9,22.8,26.66,51.98,5.87,144.03,Pigeonpeas
16.8,54.6,14.9,25.34,46.81,5.76,147.22,Pigeonpeas
22.3,67.5,26.8,29.22,42.86,5.2,147.48,Pigeonpeas
9.6,58.4,20.8,24.41,53.39,6.53,150.81,Pigeonpeas
17.1,81.9,26.5,29.64,52.43,6.7,122.98,Pigeonpeas
19.8,74.4,17.1,25.19,42.6,4.96,131.57,Pigeonpeas
15.5,68.7,27.3,25.82,56.23,5.29,117.39,Pigeonpeas
15.3,76.8,23.1,24.03,55.12,5.66,173.95,Pigeonpeas
16.7,62.1,22.2,26.45,48.91,5.32,96.86,Pigeonpeas
21.5,71.8,20.9,30.14,48.58,6.05,178.34,Pigeonpeas
19.1,69.4,19.0,28.99,51.42,5.44,184.16,Pigeonpeas
8.8,69.8,24.8,30.15,42.93,6.88,141.95,Pigeonpeas
9.4,76.9,20.6,29.01,48.28,6.4,84.42,Pigeonpeas
17.0,73.1,12.1,24.94,35.19,5.91,140.47,Pigeonpeas
22.3,70.0,15.5,26.87,53.36,6.31,147.9,Pigeonpeas
6.3,56.4,19.3,25.75,38.73,6.35,124.24,Pigeonpeas
17.5,61.3,21.2,31.03,57.12,5.52,136.62,Pigeonpeas
17.4,67.1,19.8,24.71,46.12,5.39,187.75,Pigeonpeas
26.9,68.7,24.9,29.93,46.83,5.84,166.12,Pigeonpeas
18.1,60.1,12.2,29.93,44.33,6.23,126.39,Pigeonpeas
21.9,84.9,20.6,32.27,46.37,5.87,109.56,Pigeonpeas
20.7,78.6,12.7,26.68,56.61,5.01,141.32,Pigeonpeas
9.3,72.2,23.0,29.48,33.17,5.4,144.16,Pigeonpeas
23.8,68.5,19.6,33.4,55.76,5.76,161.9,Pigeonpeas
21.1,66.5,21.7,26.16,50.13,5.76,136.12,Pigeonpeas
22.5,61.3,16.5,23.86,40.86,6.79,162.29,Pigeonpeas
39.6,68.5,25.1,23.0,41.65,5.11,197.88,Pigeonpeas
9.6,69.8,24.2,29.48,58.16,6.05,169.89,Pigeonpeas
28.6,59.3,22.3,22.99,42.43,6.54,148.3,Pigeonpeas
18.6,70.3,19.5,26.77,41.18,6.94,144.92,Pigeonpeas
21.4,66.9,22.3,28.79,54.92,5.6,140.58,Pigeonpeas
26.9,41.4,24.3,24.73,49.86,6.37,36.2,Mothbeans
17.9,42.2,25.8,24.2,52.42,6.78,43.41,Mothbeans
21.2,64.4,16.3,25.16,63.21,6.81,64.71,Mothbeans
21.3,48.0,16.7,28.6,47.54,7.04,60.06,Mothbeans
18.5,54.3,19.4,25.97,62.89,6.12,50.57,Mothbeans
14.1,41.7,21.2,29.48,51.27,7.1,53.63,Mothbeans
22.6,41.8,17.9,28.29,61.15,5.45,48.26,Mothbeans
20.7,56.7,25.4,23.28,44.76,6.49,64.77,Mothbeans
23.5,37.2,21.7,29.84,56.72,6.56,49.2,Mothbeans
18.3,44.7,20.2,30.23,48.78,7.12,53.52,Mothbeans
27.1,48.3,14.3,25.72,44.71,6.81,62.66,Mothbeans
16.6,48.9,14.7,29.25,54.51,6.1,43.43,Mothbeans
29.6,46.6,21.1,26.06,59.26,6.31,66.79,Mothbeans
12.3,51.2,11.5,28.44,48.13,6.9,35.9,Mothbeans
23.2,53.5,24.1,25.04,44.21,6.76,67.5,Mothbeans
23.4,53.9,19.4,23.72,52.65,6.51,47.47,Mothbeans
17.0,40.1,33.0,27.24,52.68,6.56,48.77,Mothbeans
23.1,45.7,29.2,27.89,56.49,7.15,32.3,Mothbeans
27.4,57.6,19.3,27.21,58.9,6.54,46.65,Mothbeans
9.9,55.2,19.6,25.24,52.84,6.76,40.8,Mothbeans
23.5,37.0,24.0,27.2,64.33,7.88,45.12,Mothbeans
8.5,50.8,26.8,28.87,54.55,6.09,49.83,Mothbeans
16.2,32.2,13.4,28.09,51.12,5.87,60.78,Mothbeans
29.1,48.4,12.9,28.66,43.53,7.19,53.28,Mothbeans
18.1,63.2,17.5,26.52,51.62,6.46,54.28,Mothbeans
15.1,40.4,22.3,31.13,51.18,6.64,40.24,Mothbeans
20.0,41.3,22.0,25.26,58.96,6.41,42.39,Mothbeans
31.3,54.1,24.3,29.42,55.97,6.67,69.19,Mothbeans
11.8,35.7,15.2,31.15,46.12,7.6,43.85,Mothbeans
15.7,42.9,10.7,29.4,54.23,7.2,67.76,Mothbeans
28.5,52.8,23.4,27.69,57.23,7.23,48.77,Mothbeans
30.3,42.9,16.7,26.88,62.37,6.09,51.22,Mothbeans
20.5,46.1,11.9,30.79,58.53,6.22,61.9,Mothbeans
14.8,54.0,20.6,24.64,57.77,5.38,63.92,Mothbeans
31.5,51.4,23.2,25.77,53.56,6.4,50.09,Mothbeans
29.0,50.1,19.5,27.21,55.53,7.28,47.32,Mothbeans
24.4,45.3,18.2,31.29,60.7,7.06,50.64,Mothbeans
16.9,51.0,19.4,29.15,45.2,6.69,54.58,Mothbeans
20.8,47.0,18.5,25.78,51.1,6.79,60.11,Mothbeans
20.2,51.7,14.6,27.42,48.56,6.46,51.24,Mothbeans
22.7,44.0,17.1,26.66,55.47,6.9,57.39,Mothbeans
28.3,46.5,22.1,26.43,60.58,7.18,67.58,Mothbeans
25.4,40.1,21.3,30.65,49.62,5.99,55.01,Mothbeans
15.6,47.7,20.7,24.77,38.86,6.95,54.32,Mothbeans
27.9,41.5,16.0,32.22,50.73,7.27,36.01,Mothbeans
22.6,39.1,19.3,30.27,58.68,6.59,24.89,Mothbeans
24.4,50.1,11.3,30.93,56.43,7.15,55.08,Mothbeans
28.3,49.7,20.7,27.04,55.77,8.21,50.25,Mothbeans
15.4,54.3,25.7,27.83,51.52,6.75,46.05,Mothbeans
20.8,44.6,14.1,24.62,45.53,7.0,53.64,Mothbeans
18.3,51.3,17.7,26.89,56.29,6.43,50.6,Mothbeans
13.2,52.4,21.3,29.43,48.19,6.89,62.48,Mothbeans
22.7,51.6,25.0,31.44,66.3,7.03,52.06,Mothbeans
33.6,41.4,18.2,25.43,56.62,6.9,43.73,Mothbeans
11.8,49.2,17.2,27.29,49.72,6.29,61.1,Mothbeans
20.8,50.9,12.1,27.82,49.53,6.9,49.03,Mothbeans
24.2,48.1,20.4,24.71,52.64,7.53,56.47,Mothbeans
21.6,31.3,28.2,29.68,51.76,7.02,46.43,Mothbeans
20.4,49.3,21.1,26.39,59.9,7.28,44.7,Mothbeans
14.5,65.7,19.9,27.71,54.32,6.68,52.04,Mothbeans
22.2,45.1,21.3,27.07,48.81,7.17,51.33,Mothbeans
17.2,42.2,20.0,26.23,64.54,6.94,56.0,Mothbeans
10.1,51.0,16.7,28.18,53.5,6.32,48.51,Mothbeans
27.0,50.5,23.3,27.66,57.81,6.96,32.84,Mothbeans
25.8,57.5,20.9,27.27,49.55,6.3,46.87,Mothbeans
21.3,37.9,20.1,26.38,55.38,6.48,59.14,Mothbeans
22.1,53.9,16.1,29.0,55.07,6.89,48.23,Mothbeans
26.4,52.7,25.2,32.33,41.86,6.95,48.74,Mothbeans
22.1,46.9,22.7,28.55,65.29,6.21,61.06,Mothbeans
25.5,50.7,17.8,30.69,60.94,7.33,44.08,Mothbeans
19.5,56.2,24.0,24.72,50.82,7.09,35.77,Mothbeans
27.6,55.0,18.0,28.59,46.59,6.45,49.59,Mothbeans
22.6,38.9,16.9,25.46,55.29,6.03,46.36,Mothbeans
22.0,54.6,17.0,24.51,53.72,6.73,41.54,Mothbeans
14.6,47.5,12.9,26.35,55.33,6.58,49.45,Mothbeans
22.4,48.6,21.9,31.18,54.35,6.86,56.12,Mothbeans
16.8,48.6,12.7,30.58,56.24,6.62,51.11,Mothbeans
17.8,46.8,15.1,28.81,61.88,5.8,54.27,Mothbeans
16.9,57.5,11.7,24.37,56.61,6.61,69.33,Mothbeans
15.7,47.3,19.7,27.71,46.9,6.65,47.77,Mothbeans
31.6,39.0,19.4,28.95,61.38,7.12,53.98,Mothbeans
27.7,44.9,18.7,28.64,63.04,6.45,46.11,Mothbeans
30.6,49.4,15.8,23.59,72.11,7.64,42.74,Mothbeans
14.9,57.8,15.3,25.97,46.46,5.84,45.35,Mothbeans
21.4,52.8,21.9,28.04,54.66,7.46,46.41,Mothbeans
14.5,41.2,17.8,29.54,40.71,6.69,54.79,Mothbeans
17.5,67.9,21.3,22.71,56.52,7.23,74.69,Mothbeans
16.4,50.1,16.5,27.79,49.91,6.84,44.04,Mothbeans
27.2,58.2,20.7,28.56,64.74,7.37,47.03,Mothbeans
19.0,46.8,25.2,30.32,48.55,6.61,50.57,Mothbeans
26.3,52.3,22.3,29.93,43.06,6.25,55.16,Mothbeans
24.0,54.7,18.4,29.66,50.37,7.51,53.84,Mothbeans
32.5,57.7,21.0,26.2,41.35,6.74,64.04,Mothbeans
13.6,56.5,19.0,23.43,57.71,6.91,26.94,Mothbeans
27.3,55.0,20.0,27.22,40.81,7.42,27.33,Mothbeans
26.7,45.5,18.7,30.7,53.37,6.28,46.24,Mothbeans
16.1,43.4,19.3,31.68,40.73,7.1,62.17,Mothbeans
26.0,50.7,20.8,29.98,51.28,6.51,35.54,Mothbeans
22.7,55.5,16.0,29.27,63.06,6.73,21.12,Mothbeans
19.9,46.2,15.9,29.15,55.36,6.84,56.91,Mothbeans
22.2,44.6,21.9,26.58,84.64,6.3,52.46,Mungbean
15.5,37.1,24.3,25.79,89.25,6.12,47.94,Mungbean
16.1,40.2,16.5,25.33,92.04,6.97,37.24,Mungbean
16.2,53.6,21.4,29.33,90.75,6.93,42.74,Mungbean
21.6,37.5,19.5,28.07,81.13,6.93,46.3,Mungbean
17.9,35.2,23.4,29.26,84.49,6.65,35.63,Mungbean
23.5,43.0,19.5,29.88,84.12,7.26,42.49,Mungbean
6.7,53.9,18.5,29.03,87.46,6.51,53.62,Mungbean
16.7,46.4,22.2,29.82,88.25,7.08,59.82,Mungbean
15.4,44.3,23.5,28.36,82.14,6.68,45.04,Mungbean
19.7,48.4,17.3,26.13,85.77,6.46,54.45,Mungbean
18.3,34.0,19.8,30.62,77.42,6.94,33.09,Mungbean
25.0,52.0,15.8,27.32,91.27,6.86,53.68,Mungbean
11.7,51.1,10.0,26.63,83.45,6.84,41.97,Mungbean
21.2,44.7,20.8,28.14,85.72,6.73,50.86,Mungbean
23.8,56.0,22.4,26.67,84.26,6.68,46.42,Mungbean
30.3,39.0,21.0,27.67,90.08,7.66,58.96,Mungbean
18.6,57.0,12.2,29.19,74.15,7.17,41.4,Mungbean
22.6,49.2,18.6,29.2,85.43,6.99,53.42,Mungbean
12.0,45.3,11.1,26.7,85.08,6.74,46.16,Mungbean
9.0,47.8,25.5,27.52,83.69,7.1,47.13,Mungbean
25.2,47.1,15.7,30.65,92.4,6.91,46.93,Mungbean
21.0,57.8,25.0,29.49,81.95,6.71,41.63,Mungbean
26.9,39.4,23.8,32.65,88.59,6.58,48.29,Mungbean
14.1,41.9,16.4,30.86,86.93,6.67,47.9,Mungbean
23.6,56.3,15.5,30.79,90.55,5.43,50.33,Mungbean
30.3,43.2,21.4,25.72,82.83,6.78,49.08,Mungbean
23.1,55.2,16.6,30.03,82.57,6.5,54.78,Mungbean
22.4,61.6,20.4,28.39,89.88,7.34,55.79,Mungbean
21.0,44.8,18.1,27.4,87.2,6.71,40.0,Mungbean
13.1,53.5,12.9,28.84,79.32,6.22,55.35,Mungbean
27.8,38.8,11.1,30.39,83.34,6.68,38.91,Mungbean
17.9,54.0,20.9,29.5,87.05,6.28,53.1,Mungbean
23.5,49.6,17.8,26.74,88.85,6.89,53.36,Mungbean
13.2,51.8,17.8,29.98,82.78,6.82,33.11,Mungbean
15.1,42.8,22.8,27.22,73.84,7.08,49.14,Mungbean
28.2,34.7,24.7,28.93,87.59,6.38,44.65,Mungbean
19.3,52.0,18.9,27.89,80.62,6.71,42.33,Mungbean
28.3,31.5,18.6,28.06,77.43,6.15,59.21,Mungbean
20.6,45.5,22.0,30.03,74.17,6.98,43.17,Mungbean
11.8,55.5,14.6,26.42,88.76,6.91,41.95,Mungbean
25.5,49.5,20.9,32.39,86.01,6.9,49.01,Mungbean
18.1,63.6,22.2,24.86,84.6,6.7,53.88,Mungbean
24.5,56.2,22.7,27.3,91.06,6.87,47.27,Mungbean
21.1,42.8,12.3,29.24,88.05,7.34,57.73,Mungbean
13.3,48.2,17.0,29.67,91.97,6.59,52.65,Mungbean
21.8,47.6,16.5,28.3,79.93,6.76,30.97,Mungbean
32.0,35.3,20.4,28.39,85.36,6.27,44.16,Mungbean
23.5,40.5,21.9,29.32,79.03,6.35,43.91,Mungbean
20.7,43.5,26.0,28.04,84.58,6.74,52.23,Mungbean
26.4,31.7,18.0,31.29,84.51,7.14,27.4,Mungbean
22.1,48.4,18.0,30.18,88.01,6.6,68.79,Mungbean
22.0,46.0,24.6,30.25,85.68,6.61,52.65,Mungbean
15.5,34.6,21.2,26.57,87.99,6.54,49.59,Mungbean
22.2,51.2,25.1,28.34,88.31,6.49,57.85,Mungbean
26.2,53.7,21.2,27.9,94.12,6.82,67.15,Mungbean
16.8,49.8,15.4,26.49,84.24,6.1,55.37,Mungbean
28.1,45.4,14.7,29.22,81.74,7.21,55.99,Mungbean
20.5,52.7,13.8,27.42,86.48,6.43,49.45,Mungbean
16.6,53.4,22.6,29.81,82.29,6.99,47.27,Mungbean
26.0,50.5,24.8,26.36,91.43,6.19,44.59,Mungbean
19.6,41.4,27.4,31.94,84.37,6.97,41.79,Mungbean
24.8,50.2,23.4,26.71,83.24,6.97,42.9,Mungbean
19.5,57.6,24.7,28.94,83.61,6.85,37.6,Mungbean
20.7,43.2,17.7,30.08,88.37,6.3,47.79,Mungbean
23.5,64.8,15.4,27.36,84.87,6.8,34.92,Mungbean
22.5,43.8,23.4,30.2,82.93,6.23,49.93,Mungbean
11.0,48.3,21.7,26.04,92.16,6.6,48.11,Mungbean
15.4,42.6,20.4,31.4,82.08,7.11,49.58,Mungbean
25.6,49.8,21.5,28.53,85.64,7.02,44.22,Mungbean
20.3,34.1,21.3,27.31,88.11,6.71,73.01,Mungbean
18.4,43.6,25.1,27.9,78.97,6.31,59.28,Mungbean
14.2,39.3,25.2,30.12,87.42,6.96,38.44,Mungbean
15.6,49.1,22.2,27.33,81.28,6.71,50.26,Mungbean
10.9,56.0,23.4,27.0,88.79,5.77,43.54,Mungbean
20.5,53.2,22.1,28.06,81.65,7.01,40.28,Mungbean
18.0,29.0,18.2,26.15,88.27,6.69,37.68,Mungbean
16.2,64.3,23.0,32.14,89.92,7.18,51.86,Mungbean
20.7,50.4,14.4,27.37,88.95,6.26,42.95,Mungbean
22.8,41.8,24.2,30.16,86.51,5.43,56.14,Mungbean
31.5,49.3,15.2,28.92,84.57,6.81,56.35,Mungbean
13.4,49.4,21.1,26.53,83.19,6.82,59.39,Mungbean
26.8,42.7,16.6,28.49,91.38,6.02,41.58,Mungbean
25.9,49.6,22.2,30.07,82.7,6.31,52.2,Mungbean
17.1,43.1,19.9,28.12,81.35,7.8,53.46,Mungbean
22.0,44.8,13.6,30.89,88.16,6.58,44.61,Mungbean
18.7,42.5,21.7,30.54,82.32,6.99,42.23,Mungbean
21.9,36.5,17.7,30.34,81.7,6.44,61.28,Mungbean
28.5,49.2,23.5,27.58,79.73,5.86,50.22,Mungbean
24.0,52.7,20.0,26.34,83.57,6.63,53.49,Mungbean
23.5,52.1,21.6,27.27,85.17,6.59,41.82,Mungbean
18.8,54.6,16.2,28.89,86.47,6.54,38.65,Mungbean
13.6,50.6,17.6,29.59,89.31,6.65,43.84,Mungbean
20.0,43.7,18.2,24.16,87.61,6.81,47.41,Mungbean
27.0,54.7,23.4,28.48,84.74,6.64,39.89,Mungbean
13.4,37.1,26.7,28.82,84.71,6.19,48.32,Mungbean
15.7,40.8,16.8,27.94,87.54,6.89,34.89,Mungbean
21.6,40.3,24.3,31.08,90.59,5.92,39.44,Mungbean
16.1,56.6,11.3,29.34,86.01,5.88,53.77,Mungbean
17.0,55.5,15.2,31.12,83.62,7.0,53.23,Mungbean
37.6,64.0,23.1,29.07,63.96,6.62,74.93,Blackgram
33.9,63.8,21.0,28.62,63.44,6.94,73.23,Blackgram
33.8,54.4,20.0,30.27,69.29,7.31,69.55,Blackgram
37.8,64.7,19.3,31.83,67.77,7.14,54.08,Blackgram
43.9,72.1,20.6,35.85,63.71,6.76,63.06,Blackgram
45.6,58.1,19.8,31.97,70.41,7.1,76.32,Blackgram
37.0,74.3,14.9,32.8,64.35,6.49,57.39,Blackgram
33.1,70.4,19.2,28.64,60.74,7.56,42.58,Blackgram
41.6,61.9,14.7,27.34,61.21,7.02,65.63,Blackgram
35.1,66.0,19.3,30.06,60.11,7.55,66.48,Blackgram
36.9,78.2,17.1,30.17,63.64,6.89,69.26,Blackgram
48.0,72.1,29.2,27.2,71.17,6.89,75.19,Blackgram
45.0,67.1,18.8,29.46,60.97,6.79,74.28,Blackgram
40.9,65.3,13.4,30.9,65.94,7.45,70.49,Blackgram
32.4,67.5,18.5,30.8,61.72,6.82,79.86,Blackgram
41.3,63.4,21.1,31.16,63.7,7.36,52.71,Blackgram
46.4,52.3,25.7,30.63,57.45,6.95,72.95,Blackgram
37.7,81.3,16.6,28.63,63.9,6.31,74.17,Blackgram
48.1,68.1,12.7,28.62,64.03,6.87,55.5,Blackgram
47.8,69.8,22.3,26.9,67.7,6.63,52.87,Blackgram
50.0,66.6,13.5,34.36,66.12,7.11,60.44,Blackgram
41.8,61.9,17.3,29.93,59.01,6.62,61.28,Blackgram
43.5,65.7,18.0,29.34,70.42,7.47,75.43,Blackgram
48.5,55.8,18.7,27.58,66.05,7.06,61.75,Blackgram
42.7,82.9,21.8,37.24,65.99,7.03,59.34,Blackgram
37.0,58.4,16.3,27.22,64.95,7.36,61.78,Blackgram
37.3,59.8,17.9,28.83,62.41,7.49,79.09,Blackgram
41.4,63.9,18.9,30.94,66.09,7.09,68.03,Blackgram
32.3,76.0,19.6,31.4,67.38,6.79,66.11,Blackgram
39.1,67.1,19.4,32.29,56.27,6.39,66.8,Blackgram
46.6,58.3,20.7,34.42,62.31,6.83,80.82,Blackgram
26.9,75.8,22.4,31.17,63.73,6.85,60.41,Blackgram
49.2,72.1,20.6,27.26,66.28,7.14,81.06,Blackgram
46.7,70.8,20.8,29.26,70.97,6.96,70.0,Blackgram
37.2,72.0,12.7,30.67,61.14,7.38,66.3,Blackgram
43.3,83.8,19.2,35.07,62.51,6.85,92.91,Blackgram
40.0,82.3,20.9,26.41,62.44,7.08,57.34,Blackgram
47.4,62.2,21.9,32.91,60.99,7.57,64.36,Blackgram
45.9,78.4,16.2,30.35,63.26,7.24,55.58,Blackgram
31.6,69.7,16.4,31.99,68.85,7.08,77.42,Blackgram
43.5,70.5,16.7,29.65,59.73,6.86,84.79,Blackgram
38.8,55.2,21.1,27.79,67.14,6.85,84.6,Blackgram
40.5,65.8,23.1,31.78,56.49,6.76,80.14,Blackgram
35.6,61.3,17.4,31.54,62.19,6.88,65.92,Blackgram
50.5,72.8,22.6,32.33,63.35,7.4,64.25,Blackgram
46.2,74.5,19.5,29.87,73.37,7.01,51.19,Blackgram
35.6,52.5,18.5,28.4,63.63,6.56,88.26,Blackgram
32.0,66.8,18.2,26.0,53.99,7.81,72.59,Blackgram
37.7,74.9,22.0,31.95,55.01,7.23,62.98,Blackgram
42.6,65.7,20.3,30.96,65.17,6.54,81.18,Blackgram
41.4,72.1,28.1,27.49,68.07,6.92,58.17,Blackgram
47.5,69.5,15.6,28.55,66.88,7.14,71.97,Blackgram
44.7,69.4,21.1,28.73,65.84,7.78,66.17,Blackgram
45.8,65.1,16.9,26.19,70.81,6.66,74.29,Blackgram
42.0,58.5,15.5,27.86,62.3,7.49,67.26,Blackgram
31.7,59.1,19.0,27.07,69.47,7.66,53.39,Blackgram
38.8,72.0,19.5,28.87,56.84,6.85,68.66,Blackgram
46.4,67.1,30.7,28.05,60.48,6.99,78.39,Blackgram
39.7,66.0,18.3,25.83,55.96,6.69,67.61,Blackgram
43.0,64.0,14.5,34.96,63.63,7.02,75.65,Blackgram
38.1,64.9,20.1,33.03,64.77,7.09,57.44,Blackgram
33.8,74.3,10.7,27.95,65.57,7.36,67.64,Blackgram
39.3,64.7,18.6,30.58,65.31,7.54,61.65,Blackgram
41.9,57.6,19.1,30.94,60.36,6.8,75.37,Blackgram
36.1,72.2,22.2,32.88,64.05,6.31,68.21,Blackgram
38.6,65.6,22.9,27.85,57.51,7.09,74.8,Blackgram
34.4,67.2,17.0,32.63,71.82,7.22,78.78,Blackgram
46.7,78.3,18.4,28.53,63.48,7.2,74.82,Blackgram
38.2,66.9,15.9,26.56,62.56,6.97,70.63,Blackgram
48.7,69.0,14.5,31.71,72.94,7.15,57.92,Blackgram
49.2,58.7,20.2,33.13,58.79,7.71,67.87,Blackgram
39.5,65.5,13.9,36.37,59.37,7.25,62.57,Blackgram
33.9,71.3,17.3,26.9,59.52,6.95,64.46,Blackgram
27.5,56.1,15.0,31.65,64.66,6.9,64.15,Blackgram
31.2,68.4,21.2,28.88,67.16,7.03,58.1,Blackgram
31.8,67.7,26.2,31.86,68.7,7.75,48.33,Blackgram
48.3,67.3,13.8,26.22,77.86,7.03,61.22,Blackgram
40.7,74.3,11.6,26.74,53.75,7.09,69.83,Blackgram
42.3,69.3,18.5,27.96,68.04,6.91,54.42,Blackgram
26.7,77.3,19.1,30.1,62.21,7.54,68.06,Blackgram
32.8,60.0,19.9,28.3,62.07,7.88,86.9,Blackgram
45.3,68.0,17.2,31.55,61.9,7.28,78.13,Blackgram
41.7,67.6,18.2,32.47,60.46,7.13,84.34,Blackgram
39.1,59.5,20.5,31.4,73.42,7.11,71.81,Blackgram
43.4,73.7,23.2,33.95,69.21,6.15,79.58,Blackgram
49.8,83.3,11.2,30.94,65.12,7.4,60.66,Blackgram
38.7,66.9,17.5,26.86,71.76,7.15,61.46,Blackgram
40.4,70.5,19.9,33.31,57.44,7.27,40.51,Blackgram
41.2,67.6,15.3,28.39,58.35,6.82,79.76,Blackgram
54.4,62.0,25.9,32.18,54.11,6.95,83.3,Blackgram
27.4,54.3,16.5,33.83,61.5,6.94,62.37,Blackgram
44.1,62.1,18.8,31.04,65.81,7.51,65.36,Blackgram
39.3,57.3,21.2,26.16,65.51,6.95,60.36,Blackgram
43.4,78.9,16.6,27.6,65.75,7.93,71.73,Blackgram
36.1,66.2,11.6,33.21,57.94,7.27,79.15,Blackgram
39.7,64.6,17.3,29.48,69.02,6.59,50.47,Blackgram
44.3,73.2,23.1,30.1,66.2,7.05,71.99,Blackgram
58.7,59.1,17.7,31.8,68.67,6.84,65.13,Blackgram
44.8,61.6,15.6,31.64,55.54,6.22,69.03,Blackgram
34.9,67.5,22.7,30.6,66.56,7.74,72.49,Blackgram
18.1,67.8,20.2,24.32,59.23,6.66,41.28,Lentil
18.5,66.5,18.0,18.19,61.65,6.99,36.92,Lentil
17.9,68.4,17.4,24.12,60.09,6.45,64.04,Lentil
23.9,63.8,26.3,27.15,62.06,7.04,60.64,Lentil
21.1,65.6,23.7,22.27,63.73,6.54,36.4,Lentil
20.1,53.4,19.5,23.53,68.99,7.33,58.36,Lentil
12.6,74.8,9.8,24.06,63.19,7.84,42.5,Lentil
17.1,70.1,17.6,17.25,56.87,6.56,46.73,Lentil
23.5,62.6,29.8,28.68,70.5,7.11,45.19,Lentil
19.2,81.3,18.1,22.25,60.61,6.61,40.42,Lentil
22.3,68.6,23.4,25.76,64.51,7.32,53.57,Lentil
27.8,60.7,24.8,24.28,67.03,6.39,46.71,Lentil
24.2,74.0,19.9,27.64,65.8,7.09,41.89,Lentil
19.5,70.8,15.6,25.52,70.27,6.55,35.26,Lentil
16.4,70.8,9.3,23.91,67.2,6.82,38.55,Lentil
6.2,65.0,21.7,22.27,60.49,6.49,32.57,Lentil
18.2,71.2,15.7,26.49,75.69,7.23,45.8,Lentil
17.4,66.2,19.7,19.82,65.77,6.57,36.13,Lentil
21.0,71.9,14.0,26.11,64.06,7.12,43.58,Lentil
18.2,54.7,17.9,21.75,69.62,6.76,56.66,Lentil
17.4,65.0,19.1,27.63,66.05,6.85,55.29,Lentil
10.1,80.1,20.1,24.9,66.8,6.96,45.44,Lentil
14.3,62.6,14.5,26.11,77.26,6.6,45.0,Lentil
21.4,63.8,23.8,24.7,63.42,6.98,60.74,Lentil
27.6,64.9,16.6,20.12,63.21,7.51,49.87,Lentil
18.5,59.5,12.3,22.35,65.38,6.59,43.08,Lentil
20.6,52.5,18.6,26.18,70.16,7.37,34.29,Lentil
23.8,66.4,19.1,24.92,57.27,7.5,48.85,Lentil
14.9,69.0,19.6,27.45,54.97,6.57,52.33,Lentil
20.8,67.6,24.4,25.51,61.86,6.32,40.65,Lentil
15.3,67.0,18.1,22.08,56.63,7.02,48.03,Lentil
23.3,68.3,18.5,22.51,62.68,6.68,42.79,Lentil
19.8,75.2,14.6,24.76,67.31,7.65,44.23,Lentil
20.5,66.7,22.3,18.71,60.35,6.91,25.8,Lentil
15.1,64.0,19.7,28.68,57.67,6.58,43.93,Lentil
22.5,66.0,17.3,25.6,65.15,6.44,53.45,Lentil
29.4,72.1,11.4,27.57,69.11,7.34,40.65,Lentil
14.0,77.9,24.8,20.55,56.33,6.67,46.12,Lentil
17.3,63.6,14.1,27.61,68.9,6.92,39.65,Lentil
20.2,68.7,16.6,30.08,68.89,7.28,48.58,Lentil
22.9,70.4,20.4,21.2,69.57,6.71,43.97,Lentil
16.2,61.1,14.2,26.43,70.89,6.88,38.19,Lentil
4.8,68.1,13.0,24.5,75.81,6.89,56.36,Lentil
25.8,57.7,10.5,20.64,63.02,7.17,53.13,Lentil
22.8,55.6,21.9,25.73,65.35,7.14,40.86,Lentil
10.3,70.6,16.8,26.58,62.72,6.81,49.68,Lentil
16.0,65.3,30.7,23.0,64.81,6.93,50.0,Lentil
26.8,69.4,15.0,27.41,72.46,6.75,50.84,Lentil
26.2,67.9,15.3,20.33,58.07,6.31,32.15,Lentil
23.7,61.2,16.7,20.76,60.49,7.0,53.75,Lentil
18.1,67.7,20.0,24.84,71.69,7.66,41.14,Lentil
19.4,59.4,17.1,24.56,69.9,6.55,42.84,Lentil
18.3,77.7,21.4,22.71,62.98,6.59,66.8,Lentil
24.6,58.5,15.1,26.52,69.07,6.55,48.11,Lentil
14.6,66.6,13.5,25.83,66.51,7.19,42.61,Lentil
15.0,60.7,11.8,26.65,72.3,7.08,28.06,Lentil
24.1,72.0,10.1,24.19,65.17,6.84,56.82,Lentil
18.8,65.7,16.9,26.01,69.93,6.53,34.94,Lentil
25.9,64.4,17.8,23.39,78.01,6.94,37.67,Lentil
15.6,74.0,16.5,29.63,67.79,6.27,43.05,Lentil
18.7,68.2,24.0,22.47,65.05,6.96,57.03,Lentil
14.4,71.6,23.9,29.76,68.41,7.25,51.89,Lentil
19.0,61.1,17.7,24.59,62.97,6.4,44.44,Lentil
11.6,58.2,11.8,21.06,76.74,6.29,48.17,Lentil
16.6,68.8,16.7,27.92,65.7,7.53,40.9,Lentil
11.8,65.8,16.6,24.81,63.44,6.66,46.82,Lentil
22.5,72.4,16.4,26.63,60.62,7.35,46.29,Lentil
22.6,67.4,16.2,27.56,70.29,6.84,53.45,Lentil
10.3,69.4,16.4,25.34,69.14,6.84,53.44,Lentil
25.7,56.6,17.5,23.02,62.31,7.08,49.65,Lentil
31.5,81.2,16.5,26.94,67.68,6.55,42.8,Lentil
19.2,66.9,19.8,24.5,57.26,6.95,51.63,Lentil
15.8,72.9,20.4,26.21,65.72,6.75,44.96,Lentil
33.1,62.1,15.4,19.12,67.06,6.37,37.04,Lentil
12.4,70.2,24.1,25.62,73.34,7.03,42.47,Lentil
19.1,58.9,15.1,22.9,60.95,6.79,46.38,Lentil
19.9,71.2,12.5,28.63,58.41,6.84,52.98,Lentil
25.7,65.5,20.5,26.06,60.32,6.42,44.23,Lentil
20.8,68.2,15.7,25.1,58.12,7.54,36.03,Lentil
16.5,72.9,20.3,25.72,71.48,7.25,46.15,Lentil
14.2,59.4,9.4,22.0,72.54,7.29,46.61,Lentil
17.3,63.2,24.6,28.56,66.4,6.78,47.19,Lentil
14.0,71.2,21.7,29.48,70.91,6.21,53.06,Lentil
19.2,82.7,13.0,25.48,65.47,7.68,53.85,Lentil
16.2,67.0,13.1,28.48,64.32,6.88,40.95,Lentil
11.5,72.1,25.7,23.08,63.13,6.6,40.77,Lentil
25.3,67.3,16.1,22.51,63.25,7.07,37.38,Lentil
16.5,81.6,15.7,24.6,57.06,7.37,51.29,Lentil
12.7,55.8,9.9,25.59,66.12,6.89,57.29,Lentil
18.2,68.7,17.6,23.52,64.6,7.41,43.18,Lentil
19.3,56.6,18.1,25.84,68.53,7.33,43.77,Lentil
10.3,50.5,21.9,25.27,65.27,6.47,57.43,Lentil
20.7,70.1,13.4,22.0,63.99,6.63,49.74,Lentil
13.8,69.0,12.9,25.8,60.44,7.28,49.19,Lentil
27.6,66.0,20.8,26.66,65.16,5.81,36.17,Lentil
21.6,67.3,23.0,24.93,68.49,6.84,51.13,Lentil
17.0,89.7,12.7,27.38,59.08,6.33,38.27,Lentil
15.3,66.2,23.3,21.46,65.24,6.71,36.63,Lentil
18.5,71.6,19.2,25.67,65.97,6.78,42.93,Lentil
22.1,63.5,23.4,21.57,61.21,6.76,41.01,Lentil
17.9,20.3,46.1,18.58,93.67,6.02,118.86,Pomegranate
11.8,15.7,33.9,21.95,89.66,6.04,108.16,Pomegranate
23.8,17.5,42.2,24.08,83.44,5.46,112.57,Pomegranate
24.6,21.0,33.1,22.85,85.9,7.07,101.91,Pomegranate
9.3,21.1,45.3,21.65,89.35,6.05,103.09,Pomegranate
23.9,24.3,38.7,17.55,86.61,6.35,110.95,Pomegranate
14.9,18.7,46.3,19.78,88.86,6.04,93.53,Pomegranate
23.3,20.2,42.5,22.27,90.2,6.68,103.2,Pomegranate
18.7,17.2,33.9,19.83,94.49,6.25,97.18,Pomegranate
19.1,19.7,47.1,22.31,89.23,5.88,96.81,Pomegranate
18.1,20.8,47.8,23.5,93.32,6.58,82.18,Pomegranate
25.1,18.6,44.4,24.21,94.39,5.83,123.57,Pomegranate
12.8,11.8,36.2,18.73,94.4,6.07,99.26,Pomegranate
22.0,20.3,38.5,27.29,90.95,5.56,121.46,Pomegranate
24.5,20.5,40.7,23.72,84.21,5.83,120.33,Pomegranate
22.6,16.3,36.5,21.8,91.48,6.47,92.07,Pomegranate
30.6,13.9,48.5,24.52,93.25,5.61,94.44,Pomegranate
16.4,24.9,40.7,27.71,89.86,5.81,138.23,Pomegranate
23.8,21.0,26.5,18.2,95.33,6.4,128.51,Pomegranate
18.5,18.1,41.7,21.24,92.68,6.18,107.12,Pomegranate
25.2,14.5,38.3,15.85,91.8,7.2,110.59,Pomegranate
19.0,15.7,39.6,22.28,93.36,7.13,99.93,Pomegranate
17.1,24.2,38.2,22.71,91.1,6.05,112.69,Pomegranate
25.5,19.6,44.0,21.7,82.62,6.62,98.89,Pomegranate
16.5,16.8,45.6,20.16,88.6,6.7,83.11,Pomegranate
11.9,21.0,41.4,16.68,93.69,6.16,91.64,Pomegranate
16.4,15.7,38.3,22.73,87.68,5.8,107.75,Pomegranate
22.1,25.0,39.8,25.44,89.43,6.4,93.93,Pomegranate
26.0,24.4,40.1,20.32,86.97,6.33,106.69,Pomegranate
19.6,17.1,36.0,22.9,95.45,6.23,94.6,Pomegranate
25.6,16.5,42.9,17.88,95.14,6.58,98.11,Pomegranate
12.2,8.5,42.3,22.94,87.45,6.1,117.74,Pomegranate
16.8,13.1,47.7,20.82,90.54,5.94,110.47,Pomegranate
17.6,13.6,46.3,19.89,88.06,6.44,107.38,Pomegranate
18.4,19.5,36.6,19.9,91.94,6.55,118.05,Pomegranate
19.4,17.7,44.1,20.82,91.63,5.93,113.27,Pomegranate
22.5,13.6,35.2,22.76,92.54,6.77,124.86,Pomegranate
16.8,17.9,43.5,18.52,91.1,5.69,101.98,Pomegranate
19.7,21.0,37.4,20.81,98.91,6.17,102.34,Pomegranate
18.8,21.1,34.9,21.7,87.02,6.3,91.89,Pomegranate
14.4,11.4,41.4,19.05,84.97,6.15,102.35,Pomegranate
18.4,18.5,26.6,26.29,88.92,6.17,119.08,Pomegranate
18.3,13.5,31.2,19.67,85.4,7.15,123.1,Pomegranate
18.2,22.6,39.1,20.13,85.62,6.06,119.02,Pomegranate
19.2,22.1,40.4,19.35,87.1,7.38,85.97,Pomegranate
19.4,15.4,38.2,26.3,87.33,6.57,120.5,Pomegranate
16.8,15.9,32.1,23.18,87.24,6.44,85.44,Pomegranate
25.4,17.2,35.9,19.46,91.65,6.59,118.28,Pomegranate
13.2,10.0,42.0,24.57,88.58,7.41,103.09,Pomegranate
15.4,20.3,42.9,22.3,89.56,6.0,115.93,Pomegranate
32.9,17.9,39.9,22.44,92.78,5.95,91.51,Pomegranate
13.8,22.9,45.8,20.94,87.8,6.1,121.55,Pomegranate
12.2,14.6,42.0,19.93,89.31,6.41,89.92,Pomegranate
22.7,16.5,36.3,22.64,91.2,5.71,99.48,Pomegranate
8.6,13.0,38.6,20.44,84.28,6.41,95.52,Pomegranate
17.8,15.0,33.0,26.34,82.95,7.08,86.45,Pomegranate
29.7,14.3,39.5,18.63,91.14,6.46,108.63,Pomegranate
11.3,23.0,45.6,25.64,91.58,6.28,129.17,Pomegranate
9.1,16.2,43.4,21.52,96.29,6.15,139.5,Pomegranate
11.5,19.5,47.0,22.55,90.57,6.76,108.67,Pomegranate
23.5,17.5,38.5,23.88,92.56,6.07,120.9,Pomegranate
24.6,13.9,46.7,20.22,89.51,7.14,110.29,Pomegranate
16.4,18.3,39.0,23.96,90.99,7.17,113.49,Pomegranate
22.4,21.4,47.4,15.03,95.1,6.5,103.39,Pomegranate
26.0,14.2,39.9,20.0,83.73,6.4,109.84,Pomegranate
27.9,22.2,43.5,19.49,91.34,6.81,113.95,Pomegranate
17.8,15.6,47.4,18.67,96.51,6.84,100.56,Pomegranate
7.5,17.1,39.0,21.26,90.95,6.08,106.57,Pomegranate
14.9,21.1,41.1,22.76,95.05,6.19,106.8,Pomegranate
16.9,16.3,46.4,23.56,88.21,5.87,117.42,Pomegranate
17.7,19.2,39.3,22.4,90.0,6.56,94.71,Pomegranate
18.1,17.7,33.4,20.14,90.2,6.67,106.88,Pomegranate
24.6,19.5,50.7,22.72,83.45,5.86,130.44,Pomegranate
25.4,9.5,37.7,22.11,86.6,6.22,121.47,Pomegranate
18.1,11.7,40.8,24.14,86.81,5.86,123.69,Pomegranate
24.5,21.5,45.8,23.74,92.57,6.04,107.79,Pomegranate
20.8,23.1,37.0,21.88,92.72,6.62,111.35,Pomegranate
19.3,15.4,35.0,19.56,91.07,6.11,119.53,Pomegranate
23.5,18.0,41.3,20.17,92.57,6.28,126.22,Pomegranate
19.4,20.2,31.0,20.43,89.61,5.75,84.08,Pomegranate
29.3,21.8,38.6,21.01,93.71,6.47,91.71,Pomegranate
11.8,10.9,41.2,22.47,90.13,6.38,123.21,Pomegranate
16.4,15.5,38.7,23.59,90.27,6.11,104.18,Pomegranate
18.4,17.7,32.3,21.67,89.3,6.32,99.44,Pomegranate
21.2,21.8,48.0,21.84,92.15,6.47,92.45,Pomegranate
25.3,29.0,40.5,22.16,88.84,6.07,100.84,Pomegranate
18.9,18.1,47.2,20.51,93.03,5.81,90.67,Pomegranate
11.9,13.4,38.7,19.49,86.7,7.12,132.59,Pomegranate
23.2,20.6,35.6,17.41,86.8,6.15,107.23,Pomegranate
22.8,24.3,41.3,20.06,92.16,6.36,106.8,Pomegranate
9.3,19.4,38.9,22.98,89.83,6.8,114.56,Pomegranate
19.0,15.4,34.1,20.04,88.74,7.81,119.05,Pomegranate
11.0,22.8,47.3,21.21,92.77,5.9,118.85,Pomegranate
15.7,21.7,36.9,22.97,88.28,6.58,120.38,Pomegranate
14.5,14.9,30.8,23.1,89.5,6.12,99.93,Pomegranate
23.0,20.5,46.6,19.1,94.3,6.18,103.93,Pomegranate
19.6,23.0,37.5,24.29,94.72,6.11,116.73,Pomegranate
12.6,23.7,37.0,24.62,94.82,5.95,101.17,Pomegranate
23.4,18.7,31.2,18.98,89.25,6.38,107.44,Pomegranate
11.8,17.6,48.7,19.74,93.79,5.81,112.29,Pomegranate
107.9,80.2,50.8,26.08,77.88,6.59,102.67,Banana
82.2,81.0,50.4,26.37,82.7,5.95,96.96,Banana
107.1,82.8,54.9,26.49,79.96,6.2,111.88,Banana
97.7,79.6,44.9,28.08,79.66,5.94,91.86,Banana
107.1,87.1,39.5,28.31,77.31,5.63,109.18,Banana
107.8,78.9,50.9,21.31,87.06,5.0,93.63,Banana
116.1,66.5,51.7,29.44,78.9,5.98,91.14,Banana
113.5,80.8,58.9,30.27,83.2,5.59,95.04,Banana
113.5,63.1,42.4,25.3,72.9,5.58,98.97,Banana
114.4,84.8,56.9,25.46,85.12,5.7,103.87,Banana
102.9,74.2,64.2,26.5,84.61,6.6,108.13,Banana
100.3,83.3,47.7,25.89,80.79,6.86,49.27,Banana
108.7,92.5,42.3,27.85,79.49,5.99,92.49,Banana
107.3,74.4,47.6,23.51,82.0,5.71,98.73,Banana
96.9,90.5,50.1,25.16,89.56,5.43,127.18,Banana
104.0,78.5,53.4,30.48,73.35,6.09,88.4,Banana
99.6,96.0,46.5,25.54,83.53,6.61,107.04,Banana
91.5,79.1,59.3,29.89,76.75,5.8,127.03,Banana
112.9,75.3,43.3,28.11,80.32,4.95,84.91,Banana
100.6,87.5,39.6,23.78,79.41,6.17,110.51,Banana
120.5,78.5,56.6,28.67,78.69,6.29,92.57,Banana
83.7,75.3,36.4,27.16,80.36,5.27,97.03,Banana
94.4,78.2,48.8,26.49,75.86,5.97,92.55,Banana
100.3,81.6,68.7,27.89,84.52,6.08,93.62,Banana
111.4,92.7,49.9,28.35,73.22,5.87,145.43,Banana
104.0,66.5,43.3,28.82,82.56,5.58,117.27,Banana
103.1,82.2,49.7,29.76,79.09,6.31,121.13,Banana
88.7,87.0,49.7,28.22,75.72,5.74,111.98,Banana
88.4,83.5,51.0,24.65,81.21,5.31,80.51,Banana
103.2,92.5,54.0,26.45,74.17,5.08,110.52,Banana
86.4,81.4,43.8,33.29,80.56,6.4,120.69,Banana
94.7,80.5,60.1,28.85,74.71,6.15,91.8,Banana
105.0,86.7,51.5,32.14,82.25,5.94,119.08,Banana
90.2,82.8,54.4,30.19,76.7,5.72,115.17,Banana
116.1,78.9,46.2,27.88,78.6,5.69,132.38,Banana
112.2,86.1,57.7,28.0,81.58,5.47,98.33,Banana
84.3,76.8,48.5,27.33,77.31,5.73,88.14,Banana
90.7,77.1,51.7,23.92,80.17,5.05,99.18,Banana
77.1,77.8,44.4,27.44,74.34,5.61,126.13,Banana
92.2,92.8,44.0,29.82,82.92,5.78,77.17,Banana
107.7,56.2,54.1,26.2,87.46,6.14,73.57,Banana
95.9,85.2,47.3,28.22,91.57,5.88,105.94,Banana
104.6,82.3,44.9,29.1,80.76,6.22,97.96,Banana
84.8,68.6,46.1,25.58,83.55,6.44,104.72,Banana
108.0,84.5,54.2,26.5,73.28,6.32,118.78,Banana
94.4,85.8,46.2,25.36,86.41,6.09,96.31,Banana
100.1,86.7,49.3,25.76,83.5,5.9,76.5,Banana
99.1,60.8,50.1,24.82,78.46,5.51,135.27,Banana
87.3,92.9,38.5,25.6,85.35,6.2,89.64,Banana
88.5,76.1,41.2,30.24,79.38,6.57,88.71,Banana
109.7,87.5,52.0,25.57,78.57,6.04,121.16,Banana
104.0,87.9,45.6,27.65,82.3,6.67,98.83,Banana
110.5,75.0,56.3,26.39,76.15,5.29,103.65,Banana
103.2,87.3,55.8,29.76,84.49,5.44,111.84,Banana
101.4,78.9,54.3,30.02,76.18,6.24,120.85,Banana
82.7,65.4,60.9,29.13,76.2,6.01,99.6,Banana
97.3,91.3,49.5,28.01,76.76,6.43,127.4,Banana
99.7,75.8,53.9,26.94,83.44,5.89,72.56,Banana
119.5,75.2,46.5,25.02,77.93,5.55,116.0,Banana
106.9,78.8,64.7,31.29,75.01,5.81,92.01,Banana
115.4,84.2,61.9,25.88,77.98,5.29,125.18,Banana
106.0,81.5,50.1,28.73,80.27,5.45,106.73,Banana
92.9,86.4,52.3,29.52,75.68,6.29,94.51,Banana
101.2,71.3,58.2,26.29,75.79,6.25,114.54,Banana
102.4,76.1,49.1,29.48,88.85,6.05,118.0,Banana
90.6,81.1,46.1,28.93,76.96,5.21,114.23,Banana
96.2,97.2,55.2,30.86,79.11,5.76,89.15,Banana
97.9,81.1,50.5,26.46,78.93,5.41,97.34,Banana
116.1,90.7,51.1,24.83,78.71,6.37,104.54,Banana
79.2,82.3,45.0,26.39,82.89,5.67,103.98,Banana
112.1,78.1,39.7,27.82,84.19,5.47,115.85,Banana
90.6,80.0,51.4,27.52,79.18,5.91,74.38,Banana
86.3,80.7,55.4,26.61,75.45,5.64,109.61,Banana
111.8,86.8,48.6,23.58,85.5,6.49,100.25,Banana
107.3,93.0,58.6,28.34,80.02,5.61,92.02,Banana
112.5,84.9,45.8,31.34,87.32,5.34,93.46,Banana
108.0,91.5,43.7,28.33,71.42,5.04,101.38,Banana
120.6,74.3,49.6,28.62,81.18,5.89,50.58,Banana
105.6,78.7,49.5,28.54,88.07,5.68,94.08,Banana
98.4,76.2,54.6,28.19,78.99,5.33,91.46,Banana
103.4,84.5,45.4,29.26,79.5,6.38,112.59,Banana
112.4,79.1,58.2,28.19,81.58,6.17,92.52,Banana
92.2,87.8,61.8,26.77,78.16,5.89,101.37,Banana
93.5,74.6,49.8,25.81,79.15,6.45,127.73,Banana
96.9,82.3,57.5,26.9,79.05,6.17,119.52,Banana
79.0,87.5,43.7,28.03,77.89,5.57,118.13,Banana
101.4,65.5,56.5,26.77,85.32,5.48,97.1,Banana
81.1,99.0,56.3,28.03,82.24,6.23,112.75,Banana
100.5,79.7,55.2,28.28,81.4,6.06,101.09,Banana
108.7,65.8,49.9,29.07,83.63,5.97,101.66,Banana
95.2,83.3,32.3,29.97,79.34,5.56,110.75,Banana
116.8,82.3,46.1,27.56,77.3,6.14,95.65,Banana
85.4,81.3,46.2,24.78,77.99,5.6,127.0,Banana
111.9,89.9,44.1,26.71,80.41,5.86,102.2,Banana
106.8,88.0,50.7,27.49,76.16,6.48,113.88,Banana
82.8,84.4,47.5,23.73,78.4,5.64,126.43,Banana
127.1,85.6,45.1,30.18,78.34,5.27,120.07,Banana
99.4,81.2,43.6,27.68,88.9,5.48,83.47,Banana
91.2,96.2,45.7,28.16,69.3,6.3,111.27,Banana
85.9,70.2,56.7,30.13,79.68,6.0,117.36,Banana
24.5,22.8,22.6,31.12,35.82,3.78,116.51,Mango
14.4,23.6,24.4,29.94,46.13,6.32,87.5,Mango
16.7,23.0,31.9,30.77,47.32,5.43,83.88,Mango
25.0,28.0,24.1,32.99,38.95,5.3,96.78,Mango
16.2,26.2,35.6,34.39,43.26,5.5,107.17,Mango
18.5,24.2,29.6,32.63,38.31,5.48,106.67,Mango
27.9,29.1,30.4,31.45,49.97,6.01,73.34,Mango
19.8,35.6,28.6,34.95,55.11,4.92,123.37,Mango
16.4,35.2,33.9,30.42,56.84,5.16,85.08,Mango
15.6,17.4,33.9,33.78,52.69,5.87,90.72,Mango
21.7,29.9,31.7,30.48,44.42,6.01,81.16,Mango
13.3,26.1,32.8,32.28,38.61,6.02,135.17,Mango
18.8,27.8,28.9,30.92,39.66,5.31,98.33,Mango
21.7,25.0,32.7,31.06,42.59,5.21,81.94,Mango
26.5,27.6,28.3,30.26,44.87,5.45,107.66,Mango
23.3,27.8,30.0,34.56,49.24,5.82,106.24,Mango
16.4,24.1,28.6,29.37,44.12,6.44,91.88,Mango
25.9,22.5,27.7,29.35,52.23,4.68,107.31,Mango
18.5,24.8,26.6,36.5,48.81,5.59,82.32,Mango
13.8,28.2,32.3,33.64,50.26,5.03,87.31,Mango
19.1,30.0,36.6,25.24,57.04,4.87,64.55,Mango
27.2,31.3,35.9,29.79,43.12,6.18,74.84,Mango
20.8,24.5,23.7,26.67,52.71,5.97,121.81,Mango
20.1,28.4,36.4,28.82,50.12,5.92,119.32,Mango
28.2,31.8,28.4,23.35,48.2,6.16,95.69,Mango
12.8,32.8,33.0,30.86,55.51,5.46,119.64,Mango
13.6,26.7,25.5,28.35,55.47,5.48,92.3,Mango
11.9,25.9,30.7,31.35,44.52,6.79,91.05,Mango
21.9,28.0,31.6,27.14,49.11,5.58,95.55,Mango
20.8,21.3,22.6,31.41,51.89,6.07,92.83,Mango
27.7,26.0,33.0,30.16,48.56,5.7,91.47,Mango
21.2,30.7,36.7,34.95,53.71,4.78,111.85,Mango
18.0,30.2,29.1,34.73,51.89,4.68,96.95,Mango
20.0,25.6,36.8,33.16,61.2,5.41,105.39,Mango
20.6,28.1,29.1,30.38,41.02,6.23,110.17,Mango
11.6,22.9,34.2,36.16,49.47,6.09,100.52,Mango
33.6,30.5,18.9,27.32,44.75,6.16,80.15,Mango
22.6,26.6,42.1,27.69,53.82,5.21,74.41,Mango
21.1,25.6,37.5,30.99,40.5,6.51,96.93,Mango
23.1,25.2,28.6,36.84,52.28,5.22,92.13,Mango
23.5,26.7,20.1,30.69,46.42,5.81,96.01,Mango
19.3,24.8,31.4,30.74,45.8,5.69,94.46,Mango
16.8,30.3,22.8,27.6,41.52,5.61,133.45,Mango
23.0,25.0,32.2,33.56,47.41,6.37,74.75,Mango
21.9,35.0,32.1,33.58,56.71,5.35,64.85,Mango
16.0,34.3,25.3,33.17,50.05,5.03,99.69,Mango
27.1,22.5,35.6,29.63,53.97,5.71,89.05,Mango
21.5,27.3,34.0,29.43,60.19,5.5,99.44,Mango
23.6,23.7,34.9,27.97,51.78,7.39,103.46,Mango
27.0,25.4,30.0,31.41,46.85,6.04,113.96,Mango
20.1,37.0,22.9,28.5,53.0,5.5,72.09,Mango
21.6,25.5,34.9,28.26,46.93,5.17,86.35,Mango
24.1,28.8,28.6,30.14,47.17,4.76,101.13,Mango
16.4,29.7,23.1,29.98,41.08,5.19,106.26,Mango
20.3,22.0,36.8,29.86,55.76,5.76,127.6,Mango
20.6,22.7,40.5,32.37,47.88,6.41,109.04,Mango
15.2,21.0,29.8,31.4,51.29,6.26,93.85,Mango
31.6,22.6,40.8,30.48,43.98,5.81,81.34,Mango
13.0,12.7,30.5,31.66,52.82,5.54,86.24,Mango
13.5,29.7,28.1,28.72,45.63,5.83,85.81,Mango
26.6,37.3,26.8,31.46,49.35,5.44,104.53,Mango
23.6,27.7,38.2,31.58,55.47,6.56,98.55,Mango
14.9,19.9,26.1,27.44,54.94,5.61,74.85,Mango
23.0,23.8,33.7,33.69,50.07,5.66,88.16,Mango
27.3,24.7,27.2,29.0,39.59,4.59,107.86,Mango
19.8,21.9,27.7,31.43,68.16,5.6,99.97,Mango
33.0,31.3,35.2,34.11,60.68,6.12,103.23,Mango
11.4,31.1,28.1,33.51,54.54,5.17,100.44,Mango
23.5,21.2,28.0,31.29,45.68,5.32,119.1,Mango
25.8,30.6,35.7,30.29,49.52,6.1,98.24,Mango
24.5,34.6,38.0,33.57,46.94,4.96,88.91,Mango
19.0,36.5,33.2,32.89,57.78,6.23,80.96,Mango
18.5,41.3,26.7,29.65,51.78,5.43,98.44,Mango
22.2,22.5,27.4,29.21,45.5,5.51,58.09,Mango
24.1,41.1,30.4,26.02,47.38,5.14,91.94,Mango
23.0,25.2,31.6,31.59,56.93,5.89,91.61,Mango
25.2,24.0,25.1,30.99,59.8,6.93,74.23,Mango
14.9,28.6,33.6,34.04,59.37,6.09,80.78,Mango
18.9,24.1,30.4,32.1,54.74,5.27,106.84,Mango
15.3,29.0,21.4,34.54,48.68,6.27,98.16,Mango
18.1,20.4,25.4,29.46,30.75,5.54,96.23,Mango
25.1,25.8,27.5,34.05,51.98,6.39,99.3,Mango
20.5,33.4,29.6,29.88,50.19,6.1,96.09,Mango
33.0,26.7,39.4,33.14,51.04,4.23,113.34,Mango
21.0,27.7,31.2,27.55,50.52,5.2,96.55,Mango
20.3,29.4,25.8,31.79,42.24,6.17,72.83,Mango
20.5,32.9,31.1,26.24,53.54,5.78,119.15,Mango
16.8,18.7,28.2,30.53,53.99,5.19,100.26,Mango
19.7,29.9,31.6,32.3,54.29,5.38,85.86,Mango
25.6,25.7,32.9,29.9,55.88,4.75,75.9,Mango
20.6,27.8,36.0,28.57,53.82,5.66,100.64,Mango
16.0,32.3,29.9,33.32,47.74,6.81,92.94,Mango
15.4,21.0,38.2,30.94,49.77,6.1,118.31,Mango
17.7,21.9,34.5,29.98,50.75,6.8,89.51,Mango
20.4,17.3,26.5,31.3,50.85,6.14,82.14,Mango
26.0,24.3,41.0,37.79,56.19,6.21,108.14,Mango
13.3,33.7,31.6,34.08,54.06,6.69,108.58,Mango
18.4,26.4,25.8,34.11,62.66,5.89,97.23,Mango
20.7,20.3,38.3,32.29,63.44,5.61,104.85,Mango
10.8,24.6,40.4,31.62,50.68,6.22,94.13,Mango
24.2,158.1,196.2,28.58,78.64,5.95,77.25,Grapes
28.8,128.5,192.4,22.04,77.29,6.09,80.33,Grapes
26.1,152.0,225.9,19.47,83.89,5.61,74.59,Grapes
22.2,130.4,204.2,25.71,84.44,6.06,50.18,Grapes
29.8,119.3,206.1,29.03,83.5,5.83,68.05,Grapes
11.2,129.9,211.4,25.79,73.84,5.69,58.04,Grapes
33.3,143.5,185.8,24.41,78.43,6.29,67.57,Grapes
14.5,124.6,217.5,25.03,81.78,5.38,79.4,Grapes
19.9,127.0,174.9,28.04,83.85,6.23,72.65,Grapes
22.8,138.9,192.3,21.18,84.97,6.27,81.08,Grapes
22.3,133.0,195.4,23.46,82.48,5.65,73.02,Grapes
28.0,138.8,205.8,22.44,83.22,5.67,56.62,Grapes
17.7,135.4,202.2,20.3,82.24,5.91,44.39,Grapes
24.3,137.8,198.3,22.81,84.64,6.11,71.09,Grapes
20.1,128.7,199.9,27.12,83.15,5.94,67.46,Grapes
24.5,135.3,190.2,25.5,82.16,6.17,59.83,Grapes
22.7,123.7,185.0,25.73,80.83,6.71,52.59,Grapes
23.5,145.9,207.3,24.24,82.23,5.8,62.25,Grapes
20.3,126.7,206.9,25.37,83.84,5.31,67.66,Grapes
20.4,144.3,215.8,21.4,82.97,6.33,76.26,Grapes
24.4,130.7,192.1,22.87,83.42,6.67,71.49,Grapes
27.7,135.0,206.9,24.38,87.27,6.16,85.68,Grapes
20.0,128.1,197.2,24.63,82.96,5.56,59.24,Grapes
18.7,122.8,211.9,24.76,79.3,5.95,78.41,Grapes
26.1,115.6,210.2,23.38,85.43,5.55,70.07,Grapes
22.8,122.4,202.1,22.67,76.44,6.26,76.55,Grapes
27.2,129.8,196.6,33.27,77.57,5.46,65.23,Grapes
18.5,135.1,209.6,26.52,83.24,5.88,80.32,Grapes
14.1,143.1,206.5,25.04,83.97,5.6,72.55,Grapes
20.3,128.5,193.2,23.1,76.92,6.05,62.81,Grapes
19.2,124.2,186.7,22.45,80.37,5.85,69.48,Grapes
22.6,118.6,197.1,23.41,79.48,6.07,67.2,Grapes
19.8,137.8,215.2,24.68,79.95,6.01,74.49,Grapes
26.7,146.8,211.5,18.16,85.67,5.61,57.8,Grapes
21.6,145.7,188.9,19.09,84.73,6.25,69.31,Grapes
23.8,140.1,188.3,21.89,81.82,5.98,73.55,Grapes
23.8,139.4,212.7,24.42,79.72,5.6,69.93,Grapes
24.0,150.0,188.6,23.08,76.5,6.9,83.07,Grapes
22.9,136.3,205.1,28.23,87.58,6.19,77.34,Grapes
25.6,139.5,193.8,19.35,84.27,5.94,69.53,Grapes
19.0,129.8,216.2,21.55,79.07,6.57,71.77,Grapes
30.0,119.4,192.3,28.36,84.78,6.74,72.56,Grapes
21.8,126.2,211.4,24.19,81.62,5.94,73.63,Grapes
16.4,132.9,201.8,26.45,80.75,6.14,51.34,Grapes
23.9,133.6,202.5,29.95,83.64,5.6,66.58,Grapes
18.7,152.3,180.3,21.72,78.93,5.94,54.76,Grapes
26.3,133.8,178.0,23.5,80.52,5.92,82.38,Grapes
34.0,144.8,197.8,22.98,82.39,6.07,68.99,Grapes
19.1,128.6,202.5,17.94,79.9,6.13,67.67,Grapes
24.7,129.9,188.7,22.87,84.58,6.22,78.57,Grapes
14.2,119.7,189.1,26.44,89.38,6.1,73.82,Grapes
25.3,125.6,205.6,25.42,78.88,5.52,58.31,Grapes
18.6,138.3,205.6,25.66,75.24,5.62,68.89,Grapes
19.9,133.1,198.6,22.67,73.89,5.78,66.25,Grapes
17.5,142.4,207.8,21.83,81.3,5.89,52.15,Grapes
26.7,134.8,188.3,27.61,79.25,6.42,62.7,Grapes
28.0,129.5,196.4,22.31,82.73,5.53,67.76,Grapes
23.1,154.5,216.5,24.68,82.43,5.86,68.45,Grapes
18.7,132.1,200.7,24.29,75.49,6.38,54.78,Grapes
30.9,144.6,201.3,28.19,74.64,5.88,81.12,Grapes
19.2,129.0,223.1,26.71,83.08,6.18,68.58,Grapes
12.2,140.1,186.0,19.91,82.44,5.94,69.98,Grapes
25.3,142.3,208.0,20.24,80.2,6.1,73.61,Grapes
17.5,135.1,216.6,25.54,75.27,5.91,61.72,Grapes
27.9,109.5,196.8,23.61,83.79,6.27,74.16,Grapes
21.1,133.2,208.6,22.43,86.99,5.38,65.93,Grapes
26.0,145.3,190.2,26.85,83.01,5.85,60.63,Grapes
30.0,138.3,193.1,24.36,78.51,6.12,75.33,Grapes
17.0,137.5,203.8,23.96,82.08,6.21,84.52,Grapes
20.2,115.8,208.0,26.14,76.44,6.6,76.85,Grapes
22.6,125.8,211.2,22.67,86.13,5.84,78.83,Grapes
30.7,137.1,215.7,28.51,82.23,6.59,64.39,Grapes
19.7,137.1,199.3,21.44,74.83,5.74,53.62,Grapes
20.0,145.1,211.9,25.77,80.7,6.53,84.5,Grapes
25.4,131.6,196.6,28.1,83.75,6.33,90.15,Grapes
20.1,137.1,209.0,19.67,80.57,5.63,85.03,Grapes
23.8,133.2,202.1,22.77,80.8,6.12,66.24,Grapes
15.2,123.1,204.5,27.23,77.0,5.98,58.05,Grapes
34.1,110.4,204.2,27.27,84.17,6.25,58.94,Grapes
16.3,137.3,184.0,23.29,79.31,5.91,52.76,Grapes
21.4,134.7,188.8,21.6,73.27,5.88,68.53,Grapes
22.8,126.8,201.0,26.67,80.41,6.55,85.66,Grapes
32.6,116.8,183.1,27.35,85.82,5.96,68.18,Grapes
16.4,139.3,208.3,20.31,80.35,6.33,72.62,Grapes
32.9,130.3,208.7,20.19,88.85,5.91,83.36,Grapes
26.8,138.6,203.3,24.48,83.62,6.67,65.56,Grapes
25.1,151.6,188.8,25.69,83.26,5.73,89.96,Grapes
18.1,111.6,213.8,22.9,81.39,5.75,89.52,Grapes
25.9,126.0,220.4,25.84,81.63,6.61,68.29,Grapes
19.4,130.9,201.5,21.67,80.85,5.82,63.82,Grapes
29.3,147.5,205.1,17.46,80.69,6.64,76.57,Grapes
18.1,116.6,202.0,22.53,84.02,6.36,66.12,Grapes
22.4,152.4,205.3,23.99,78.16,5.94,58.03,Grapes
20.2,134.4,198.8,22.97,77.6,5.27,82.41,Grapes
18.1,132.0,199.7,20.32,77.41,5.99,81.76,Grapes
26.7,131.0,209.1,18.35,90.08,6.04,71.16,Grapes
25.7,128.6,223.5,22.26,84.02,6.47,56.97,Grapes
29.0,143.5,186.0,26.49,83.12,6.64,57.3,Grapes
14.1,122.3,199.0,27.57,77.67,5.73,70.67,Grapes
28.3,136.5,188.2,27.36,84.39,6.32,64.6,Grapes
95.6,23.7,52.1,27.39,84.13,5.62,48.83,Watermelon
109.2,15.1,54.2,24.62,90.49,7.01,54.37,Watermelon
106.3,15.0,52.7,21.63,85.9,6.58,55.5,Watermelon
112.8,15.9,41.2,25.08,81.1,6.35,50.85,Watermelon
89.1,12.5,55.0,27.16,92.59,6.84,55.14,Watermelon
95.6,10.2,54.7,30.11,89.16,7.11,44.33,Watermelon
106.6,21.2,54.2,22.61,84.72,5.38,63.26,Watermelon
103.5,9.6,51.9,24.53,88.11,6.67,58.74,Watermelon
114.3,18.0,51.1,24.63,83.59,5.93,40.04,Watermelon
103.2,20.5,55.2,28.99,88.52,6.7,42.2,Watermelon
117.5,11.2,59.6,25.51,75.64,6.55,42.42,Watermelon
104.4,13.3,45.2,23.33,81.12,6.75,56.22,Watermelon
109.6,21.9,55.4,27.0,89.12,6.3,40.52,Watermelon
95.8,19.1,49.6,24.59,84.2,5.75,48.15,Watermelon
99.1,14.5,49.4,22.54,86.03,6.32,54.44,Watermelon
108.1,21.8,42.3,23.37,79.81,6.66,50.27,Watermelon
115.1,21.8,48.6,29.94,92.59,6.91,52.87,Watermelon
106.3,18.1,45.0,26.56,89.96,6.03,42.27,Watermelon
98.2,13.4,47.7,25.87,84.4,6.91,55.56,Watermelon
112.8,15.3,44.5,24.98,83.58,6.24,45.89,Watermelon
77.1,18.1,47.8,26.33,89.32,6.64,48.2,Watermelon
84.8,16.2,48.0,26.3,93.13,6.3,52.7,Watermelon
105.8,20.8,50.5,26.33,89.02,6.57,51.62,Watermelon
99.1,10.9,41.9,25.89,93.89,6.86,50.99,Watermelon
105.1,11.0,42.8,27.77,81.51,6.01,44.79,Watermelon
99.6,17.7,51.8,25.66,81.92,6.23,48.4,Watermelon
104.7,15.0,46.0,23.16,80.44,6.57,50.82,Watermelon
90.9,14.5,55.4,24.07,86.97,7.46,39.8,Watermelon
104.7,9.9,51.1,20.65,85.9,6.15,47.1,Watermelon
108.9,17.1,53.0,30.67,84.59,7.32,53.9,Watermelon
111.2,16.8,57.1,27.76,88.44,7.3,40.58,Watermelon
119.1,19.6,48.5,23.52,90.13,6.46,60.05,Watermelon
101.4,17.3,47.1,24.9,79.1,6.38,60.96,Watermelon
101.7,16.5,54.4,24.01,82.81,6.22,40.84,Watermelon
83.8,21.7,52.5,29.46,88.48,6.47,61.66,Watermelon
93.7,11.8,49.1,22.05,83.33,5.94,49.65,Watermelon
97.1,19.1,57.0,25.89,82.01,6.47,54.15,Watermelon
109.5,10.3,48.9,25.33,89.27,7.1,46.83,Watermelon
92.9,13.6,50.2,27.67,80.04,6.26,58.18,Watermelon
107.0,12.1,50.1,25.34,83.99,6.4,54.05,Watermelon
99.0,20.1,45.3,21.2,86.51,5.82,44.29,Watermelon
97.2,16.7,50.4,24.97,82.9,6.65,41.48,Watermelon
101.5,16.9,57.0,23.17,88.33,6.61,39.12,Watermelon
95.1,12.6,52.2,25.8,82.92,6.53,52.3,Watermelon
94.7,15.8,50.2,29.19,90.83,6.41,55.38,Watermelon
82.0,13.9,49.2,21.25,84.7,6.38,56.01,Watermelon
96.5,18.5,51.7,23.6,87.89,6.7,49.86,Watermelon
94.2,13.0,53.7,24.22,88.18,6.49,41.54,Watermelon
93.8,22.3,53.0,24.65,82.69,6.63,45.34,Watermelon
103.2,10.3,48.3,27.45,76.99,6.59,60.02,Watermelon
105.6,13.8,51.6,25.17,86.64,6.95,46.92,Watermelon
101.3,23.7,52.4,26.64,85.49,6.77,51.95,Watermelon
109.0,15.3,45.0,24.04,87.42,6.58,42.19,Watermelon
104.8,11.7,50.8,26.17,84.29,7.11,53.49,Watermelon
96.0,17.9,39.2,27.54,83.48,6.67,47.14,Watermelon
94.4,15.1,52.4,23.77,93.23,7.02,59.17,Watermelon
102.1,13.7,53.3,27.55,79.31,6.74,56.99,Watermelon
104.7,12.6,53.7,25.73,88.14,5.76,46.83,Watermelon
113.0,28.1,48.0,28.21,82.9,7.02,49.79,Watermelon
110.9,16.0,51.5,25.1,83.86,6.55,46.39,Watermelon
93.6,9.3,57.1,26.55,83.93,6.48,39.44,Watermelon
98.0,23.0,57.1,25.5,81.99,6.61,43.94,Watermelon
105.7,19.4,49.9,25.36,87.48,6.36,52.39,Watermelon
109.7,13.9,50.7,26.25,90.76,6.59,53.4,Watermelon
108.4,13.3,55.6,26.94,87.08,6.26,51.99,Watermelon
98.4,19.7,42.5,22.48,85.61,7.01,48.39,Watermelon
86.5,16.0,48.4,29.18,81.25,6.45,58.26,Watermelon
89.0,9.3,56.7,20.95,87.27,6.35,51.31,Watermelon
101.7,24.1,54.9,23.89,93.83,6.13,56.43,Watermelon
102.4,15.3,51.8,25.36,83.68,6.61,36.61,Watermelon
88.0,23.0,42.5,26.63,83.7,6.57,19.42,Watermelon
99.4,22.1,49.8,29.54,82.96,6.66,53.07,Watermelon
105.3,13.0,47.1,20.95,83.24,6.09,39.4,Watermelon
87.5,21.1,51.7,24.33,74.22,5.86,49.1,Watermelon
110.0,14.4,46.0,20.28,86.82,6.75,48.38,Watermelon
95.2,9.5,44.9,25.68,81.82,7.09,63.5,Watermelon
111.6,15.3,39.7,26.28,78.76,6.09,54.0,Watermelon
93.7,18.6,56.1,29.58,88.21,7.14,52.13,Watermelon
88.7,15.1,48.0,25.9,80.87,6.61,57.5,Watermelon
94.4,15.8,50.8,28.21,83.85,6.5,53.75,Watermelon
98.0,21.6,50.0,27.06,91.07,6.34,47.14,Watermelon
95.1,17.4,44.7,24.51,79.56,5.95,59.37,Watermelon
96.8,13.6,43.7,22.08,79.07,6.9,41.92,Watermelon
102.3,19.8,45.0,26.29,86.28,6.19,53.39,Watermelon
97.3,17.8,46.4,21.87,89.8,6.19,38.42,Watermelon
98.3,6.9,51.8,28.84,78.9,6.9,52.43,Watermelon
81.9,18.7,46.0,25.19,86.83,5.75,52.34,Watermelon
102.9,18.6,58.7,28.59,87.52,5.89,64.21,Watermelon
98.1,17.1,55.1,24.4,76.96,6.49,38.28,Watermelon
115.1,20.6,54.0,26.27,88.39,6.62,45.99,Watermelon
89.6,14.3,49.4,26.12,88.71,6.69,57.38,Watermelon
80.9,18.3,57.6,25.49,83.95,6.38,53.48,Watermelon
105.2,10.7,48.9,24.52,90.21,7.51,52.24,Watermelon
102.5,18.6,49.8,26.58,89.75,6.41,43.15,Watermelon
88.9,24.8,50.8,23.28,85.61,6.41,46.07,Watermelon
83.7,13.0,53.5,22.58,83.39,6.18,60.76,Watermelon
114.4,14.0,53.2,28.71,81.31,6.55,50.39,Watermelon
113.1,14.2,47.6,27.42,85.05,6.75,53.8,Watermelon
74.1,17.5,47.3,25.76,87.48,6.98,49.88,Watermelon
94.4,12.7,53.2,29.76,83.9,5.9,41.34,Watermelon
109.3,21.7,46.6,31.69,93.18,7.16,24.38,Muskmelon
105.0,19.5,48.5,29.04,92.94,6.01,24.31,Muskmelon
123.1,13.5,47.0,23.97,93.77,7.16,30.69,Muskmelon
89.8,17.8,50.6,27.12,92.47,6.01,24.77,Muskmelon
108.2,21.9,56.0,26.71,92.3,6.5,22.59,Muskmelon
86.9,13.0,46.1,27.4,95.89,5.89,29.93,Muskmelon
101.6,20.5,55.0,29.84,96.85,6.41,25.3,Muskmelon
109.8,27.3,46.1,28.36,87.78,6.55,20.95,Muskmelon
79.3,22.2,45.8,28.43,92.33,6.34,30.47,Muskmelon
98.0,23.7,54.1,31.49,90.23,6.69,25.67,Muskmelon
94.4,18.9,54.6,27.07,91.37,6.44,24.71,Muskmelon
93.0,21.9,54.3,32.7,93.51,6.19,25.59,Muskmelon
103.9,15.1,43.4,27.12,94.31,6.17,19.35,Muskmelon
111.2,21.2,47.7,28.8,91.96,6.72,22.06,Muskmelon
98.7,20.6,54.1,27.98,86.56,6.14,24.72,Muskmelon
102.1,19.2,50.2,28.87,89.4,6.77,23.73,Muskmelon
101.1,23.3,44.6,29.58,94.99,6.89,31.06,Muskmelon
100.0,15.8,52.3,29.55,84.08,5.73,25.79,Muskmelon
89.1,17.3,46.4,26.94,95.86,6.85,28.97,Muskmelon
111.1,18.4,59.0,26.13,93.86,7.22,24.75,Muskmelon
103.0,13.9,57.7,34.11,96.25,6.5,29.98,Muskmelon
103.9,18.9,53.0,27.54,91.7,6.64,26.69,Muskmelon
91.9,11.1,56.8,30.14,86.12,6.81,24.77,Muskmelon
95.4,22.2,50.3,25.06,93.59,6.29,24.63,Muskmelon
98.2,18.2,53.8,27.98,96.12,6.47,19.93,Muskmelon
84.7,15.9,57.4,28.32,95.07,5.87,27.23,Muskmelon
83.1,14.7,51.2,29.64,90.31,6.46,24.5,Muskmelon
94.0,17.1,48.7,22.61,92.56,6.6,22.19,Muskmelon
105.2,20.8,41.5,28.97,90.7,6.61,30.23,Muskmelon
93.5,20.2,49.6,26.07,89.84,6.83,18.45,Muskmelon
89.8,15.2,54.1,29.31,95.17,6.09,22.59,Muskmelon
91.9,14.6,54.7,26.32,88.71,6.19,29.84,Muskmelon
95.4,20.6,52.5,26.72,89.62,7.16,26.28,Muskmelon
96.5,15.1,47.3,28.0,88.99,6.34,24.46,Muskmelon
121.7,18.2,40.1,26.28,87.83,6.48,25.96,Muskmelon
110.5,18.5,47.5,27.55,92.74,6.37,25.6,Muskmelon
110.2,19.2,48.5,25.97,95.78,6.07,17.12,Muskmelon
111.7,21.4,48.4,24.57,91.75,7.05,22.95,Muskmelon
90.0,12.9,53.1,30.84,87.78,6.19,32.78,Muskmelon
87.8,10.4,59.9,25.75,94.82,5.95,21.4,Muskmelon
88.9,15.7,50.6,28.21,97.36,6.22,23.11,Muskmelon
113.3,25.2,48.9,30.26,90.36,5.6,21.99,Muskmelon
94.5,26.1,48.7,27.25,90.86,6.14,24.26,Muskmelon
87.5,25.3,50.6,26.78,93.85,6.01,21.78,Muskmelon
95.7,17.2,45.9,29.1,97.17,6.65,27.13,Muskmelon
97.6,10.9,50.6,31.06,90.74,6.13,25.69,Muskmelon
102.7,8.6,52.3,26.03,88.3,6.76,28.57,Muskmelon
102.5,15.5,51.0,28.27,94.19,6.96,19.45,Muskmelon
91.7,17.2,52.3,24.79,94.7,6.71,23.0,Muskmelon
106.9,23.2,52.2,27.73,92.32,6.31,23.57,Muskmelon
93.6,21.5,41.1,28.68,90.63,6.46,26.98,Muskmelon
98.4,18.9,53.2,26.72,95.28,5.79,20.73,Muskmelon
106.9,14.4,46.6,27.59,93.88,6.35,29.28,Muskmelon
93.6,14.2,44.5,25.5,89.99,6.06,30.63,Muskmelon
94.3,19.0,44.5,28.77,92.45,6.68,19.76,Muskmelon
105.9,20.8,52.2,30.92,88.24,7.43,22.25,Muskmelon
91.4,19.6,48.9,26.19,94.36,6.6,22.04,Muskmelon
96.2,13.9,41.6,27.23,91.51,5.6,37.86,Muskmelon
105.6,20.6,52.4,29.71,90.99,6.26,22.55,Muskmelon
120.5,19.7,42.8,31.27,92.2,6.45,33.09,Muskmelon
106.1,13.7,50.7,25.31,92.42,6.43,18.37,Muskmelon
104.7,14.9,51.2,28.23,94.98,6.11,19.75,Muskmelon
105.3,20.8,54.4,29.22,94.07,6.5,21.27,Muskmelon
89.3,17.1,58.9,28.38,91.83,5.9,20.47,Muskmelon
101.2,24.4,43.2,23.15,94.59,6.02,23.36,Muskmelon
99.7,20.0,49.7,29.7,93.5,6.66,21.16,Muskmelon
103.2,16.1,48.6,31.94,91.02,5.99,20.6,Muskmelon
101.2,18.0,52.2,28.86,91.93,6.62,30.49,Muskmelon
103.8,18.3,51.1,26.33,91.86,5.85,30.82,Muskmelon
96.9,15.1,48.2,27.47,93.82,7.11,29.45,Muskmelon
100.6,14.3,47.8,32.49,91.2,6.09,27.32,Muskmelon
87.7,20.8,44.4,30.6,91.13,6.31,25.16,Muskmelon
96.8,21.4,54.9,30.01,98.21,6.53,22.21,Muskmelon
113.9,20.4,52.3,29.38,95.12,6.17,19.93,Muskmelon
103.2,24.1,54.6,27.15,90.02,6.46,26.51,Muskmelon
99.8,15.8,48.4,28.16,94.01,6.63,18.83,Muskmelon
119.0,24.7,46.7,28.43,92.66,6.78,19.73,Muskmelon
86.4,14.4,44.6,29.81,93.47,6.72,30.46,Muskmelon
88.9,13.9,51.8,31.92,92.71,6.33,34.2,Muskmelon
117.1,11.0,44.8,31.06,95.87,6.34,26.67,Muskmelon
100.5,16.2,59.2,25.48,93.34,7.34,30.23,Muskmelon
97.6,16.0,43.5,29.09,92.11,6.78,23.47,Muskmelon
88.0,20.1,51.4,30.22,95.43,6.03,18.01,Muskmelon
104.5,19.0,57.8,29.96,93.0,6.44,27.76,Muskmelon
105.4,13.2,53.0,27.22,92.66,6.27,27.55,Muskmelon
89.1,16.4,50.9,35.01,93.24,6.35,25.06,Muskmelon
98.6,16.5,45.2,25.79,92.02,5.91,23.49,Muskmelon
96.6,10.9,43.1,26.22,92.33,6.24,29.51,Muskmelon
102.6,14.1,53.9,29.11,90.54,7.12,19.77,Muskmelon
88.8,14.9,57.5,33.26,90.05,6.63,20.83,Muskmelon
112.5,23.7,47.8,26.76,89.3,5.4,19.66,Muskmelon
109.2,18.8,44.3,28.02,88.12,6.89,25.12,Muskmelon
96.4,20.6,37.7,30.97,89.66,6.84,19.26,Muskmelon
97.8,12.0,45.1,28.56,91.78,6.26,21.28,Muskmelon
98.6,22.8,49.4,27.86,92.61,6.69,21.17,Muskmelon
92.2,23.2,58.0,29.84,91.49,6.06,23.4,Muskmelon
95.6,10.0,53.4,29.2,85.23,6.21,17.26,Muskmelon
97.3,15.2,51.5,30.87,97.02,7.0,25.14,Muskmelon
116.1,20.0,48.0,31.44,95.56,6.29,30.94,Muskmelon
109.5,20.6,47.1,29.28,93.64,5.65,25.38,Muskmelon
28.7,145.9,194.4,21.18,89.52,5.43,118.26,Apple
27.7,127.3,206.1,23.88,90.7,6.07,97.83,Apple
24.9,125.4,195.8,23.33,87.76,6.34,98.21,Apple
21.4,122.1,212.7,22.71,93.95,6.2,116.25,Apple
21.1,135.8,205.9,24.93,92.05,6.33,122.88,Apple
24.8,115.5,192.9,20.95,87.18,5.82,84.58,Apple
19.0,138.6,200.3,21.16,89.8,5.71,120.53,Apple
11.6,132.9,191.1,22.57,93.31,5.61,104.55,Apple
23.5,145.3,198.2,21.0,90.67,5.88,109.81,Apple
15.3,127.3,194.5,23.87,90.21,5.87,92.61,Apple
16.2,132.0,211.7,20.82,92.08,5.98,99.93,Apple
21.0,145.2,221.2,23.17,93.33,5.85,127.19,Apple
20.5,147.8,185.7,22.35,87.99,5.85,113.19,Apple
13.9,127.2,180.8,23.14,93.95,5.59,106.96,Apple
21.8,135.8,197.5,21.45,89.9,6.28,110.95,Apple
25.8,136.9,184.8,21.75,92.25,5.93,120.04,Apple
15.4,137.7,200.5,22.84,92.19,5.83,119.31,Apple
27.4,131.4,207.5,23.11,90.72,5.6,111.57,Apple
13.2,146.8,214.9,22.59,89.23,5.37,129.09,Apple
31.6,115.1,202.0,26.86,91.44,6.42,127.26,Apple
18.9,129.8,198.1,20.12,97.18,6.12,118.9,Apple
21.7,138.5,180.2,22.44,88.21,5.25,113.52,Apple
11.5,138.6,200.3,18.67,97.38,6.21,122.56,Apple
20.7,147.5,200.7,23.53,91.52,6.27,117.41,Apple
22.1,146.0,206.4,19.81,92.41,5.95,128.61,Apple
20.6,131.1,192.9,21.9,89.04,6.54,126.19,Apple
18.2,147.0,195.6,21.67,89.99,5.99,97.43,Apple
16.3,126.9,185.2,23.3,90.79,5.33,96.41,Apple
26.7,143.3,177.1,21.22,89.16,6.05,102.18,Apple
21.2,152.1,188.9,21.11,91.67,6.0,127.34,Apple
28.7,146.1,184.3,26.19,91.08,5.66,89.06,Apple
18.4,135.1,203.4,23.31,97.85,6.13,118.62,Apple
18.8,130.7,194.8,21.2,88.8,5.23,118.14,Apple
25.1,118.7,194.6,21.97,92.61,6.3,130.14,Apple
12.9,137.1,190.2,26.71,93.04,5.55,115.41,Apple
14.9,122.8,167.7,22.01,89.09,5.51,92.55,Apple
26.5,126.1,215.1,20.88,94.36,5.85,98.31,Apple
15.1,122.1,190.0,20.89,91.11,6.07,94.97,Apple
11.9,129.4,195.9,21.23,84.82,5.97,104.63,Apple
30.3,133.7,185.5,21.11,94.28,5.6,109.96,Apple
14.0,136.7,209.7,19.4,88.95,5.7,95.22,Apple
21.9,128.0,201.4,19.79,89.16,5.45,134.76,Apple
21.3,144.7,191.7,20.53,94.36,5.81,92.82,Apple
6.9,131.9,196.1,24.08,91.26,6.33,132.89,Apple
19.7,126.1,216.8,21.65,95.05,5.9,130.48,Apple
23.2,136.3,199.3,22.08,95.93,6.24,126.17,Apple
22.8,153.6,198.2,25.78,90.37,6.48,102.29,Apple
25.5,137.4,190.6,25.84,94.68,5.66,117.84,Apple
19.1,130.4,181.1,21.89,90.03,5.83,93.54,Apple
24.6,118.7,198.4,21.02,99.0,6.77,126.36,Apple
17.6,131.8,203.3,20.44,90.22,6.48,111.59,Apple
13.9,136.3,211.0,24.33,95.38,5.23,106.56,Apple
14.5,130.1,177.5,22.09,94.83,6.05,94.34,Apple
13.7,117.3,188.7,21.63,93.25,5.9,75.54,Apple
26.0,125.5,194.2,20.57,90.29,6.23,97.12,Apple
13.4,148.5,200.0,20.68,91.85,5.6,129.39,Apple
22.4,148.3,198.5,23.4,85.84,5.56,106.66,Apple
19.7,125.1,198.8,19.31,92.97,5.63,110.16,Apple
20.5,140.7,204.1,25.09,93.35,5.67,122.53,Apple
27.8,122.2,191.0,21.27,92.7,6.23,139.79,Apple
18.8,148.0,209.3,22.23,83.38,5.43,132.58,Apple
24.1,136.5,204.3,19.26,88.5,5.65,98.11,Apple
21.2,143.5,196.8,22.57,90.06,5.18,83.56,Apple
20.2,116.8,216.0,21.78,93.17,6.3,148.09,Apple
32.5,140.8,215.6,22.47,93.17,6.41,146.73,Apple
13.8,133.9,209.3,26.28,91.79,5.77,115.53,Apple
27.4,142.5,169.8,23.04,94.21,5.78,93.64,Apple
24.3,143.1,215.8,20.61,89.22,6.08,127.15,Apple
18.6,134.7,207.9,20.82,94.13,6.49,111.08,Apple
29.1,128.0,220.1,24.09,93.72,6.06,111.01,Apple
11.8,141.8,212.4,25.85,93.43,5.62,126.12,Apple
18.4,133.4,215.8,23.3,91.75,5.25,117.72,Apple
15.0,125.3,208.8,24.32,97.79,5.45,94.91,Apple
23.1,124.8,213.5,24.12,93.78,5.93,107.83,Apple
15.4,119.2,219.9,26.15,89.39,5.64,122.62,Apple
23.2,128.9,202.2,17.73,93.04,5.98,120.35,Apple
20.1,145.0,184.3,24.27,94.56,5.68,116.63,Apple
18.6,135.8,196.9,25.06,90.54,5.48,126.7,Apple
22.9,128.7,203.9,19.25,95.57,5.43,107.27,Apple
19.7,142.0,200.7,20.39,93.45,6.52,115.38,Apple
15.6,125.7,187.5,20.47,85.27,6.26,62.07,Apple
35.0,135.0,183.7,20.78,93.2,6.59,105.96,Apple
18.6,132.2,192.6,21.4,91.08,6.12,124.16,Apple
9.9,141.8,208.1,23.21,93.91,5.73,106.84,Apple
16.8,118.2,215.8,24.76,95.13,6.43,105.71,Apple
14.7,125.5,209.2,25.3,92.89,5.89,97.08,Apple
25.1,117.6,210.6,20.51,97.3,5.99,127.75,Apple
22.6,131.4,199.2,20.49,91.76,5.88,120.93,Apple
23.0,146.1,182.6,25.89,94.17,4.72,125.08,Apple
19.1,128.9,195.4,24.22,94.71,6.54,86.81,Apple
19.6,128.9,197.4,22.81,92.01,6.1,110.29,Apple
19.1,142.7,195.0,23.78,94.64,6.03,108.5,Apple
20.6,144.7,200.5,22.53,90.52,5.88,108.49,Apple
25.2,133.1,204.4,23.91,91.03,5.97,103.46,Apple
22.7,140.8,208.5,21.76,88.36,5.66,107.51,Apple
23.5,123.2,197.2,23.27,93.02,6.15,125.44,Apple
23.5,147.8,181.0,18.82,93.28,5.38,84.01,Apple
25.4,155.5,195.2,20.88,95.84,5.97,139.36,Apple
22.4,139.2,200.4,20.91,94.67,6.12,119.96,Apple
22.8,113.2,212.2,21.66,91.45,5.82,112.07,Apple
24.5,16.9,9.5,24.46,86.63,7.24,110.39,Orange
12.7,16.1,7.9,24.06,93.66,7.25,110.91,Orange
16.7,13.1,8.1,24.58,88.88,6.34,102.71,Orange
19.4,7.3,6.8,26.58,92.5,7.62,103.75,Orange
26.8,12.0,11.1,28.39,90.57,7.21,111.48,Orange
19.8,13.8,11.7,23.17,88.97,7.3,101.97,Orange
22.3,15.0,7.7,26.1,89.79,6.7,89.07,Orange
17.1,11.5,14.6,21.75,92.88,7.25,113.63,Orange
22.4,14.0,9.1,26.36,88.36,7.45,126.5,Orange
28.4,11.5,14.6,25.98,89.95,6.96,123.44,Orange
25.0,15.5,8.1,25.83,94.19,7.8,98.25,Orange
19.6,11.7,5.0,23.08,100.0,7.02,91.63,Orange
23.4,12.6,11.2,20.79,93.63,7.46,106.14,Orange
22.9,10.8,10.7,18.62,89.45,7.12,133.92,Orange
22.5,15.4,10.1,22.68,91.1,7.23,120.08,Orange
25.6,12.5,8.1,27.4,92.29,6.33,120.96,Orange
25.5,19.6,9.9,21.87,91.15,7.15,123.75,Orange
19.4,17.6,8.5,25.16,94.91,6.71,116.71,Orange
23.2,15.7,9.1,25.33,92.85,6.66,112.21,Orange
18.1,12.8,12.5,21.95,94.92,7.7,120.33,Orange
15.4,17.5,10.6,26.75,91.26,6.91,102.21,Orange
18.7,18.8,11.8,14.07,96.18,6.6,89.18,Orange
19.6,16.6,9.3,19.13,91.7,6.86,121.24,Orange
11.7,22.4,9.0,20.05,89.29,6.48,128.97,Orange
24.3,17.8,6.5,20.34,98.73,7.57,93.63,Orange
6.2,19.7,8.9,23.81,86.73,6.72,122.73,Orange
33.6,16.5,5.0,23.67,89.98,7.21,135.61,Orange
27.5,18.7,8.2,23.98,90.32,7.54,110.37,Orange
18.7,12.8,9.8,24.59,99.72,6.8,98.13,Orange
20.0,14.2,11.7,19.95,97.62,7.21,112.25,Orange
21.5,17.4,9.2,19.15,96.68,6.59,102.14,Orange
17.1,17.4,11.0,23.99,91.21,7.98,101.15,Orange
21.0,18.0,5.0,20.91,99.48,7.37,116.9,Orange
19.3,20.4,9.8,18.09,93.31,6.92,86.34,Orange
19.5,10.3,5.0,25.71,95.13,6.69,88.74,Orange
20.9,12.1,6.4,26.99,92.74,6.95,110.69,Orange
13.4,16.9,9.4,27.47,92.05,6.86,110.07,Orange
20.2,13.1,13.8,23.36,91.44,7.78,115.55,Orange
20.8,29.5,11.1,24.68,91.57,6.51,138.53,Orange
20.6,18.1,10.1,26.91,94.03,7.05,111.97,Orange
18.9,15.7,9.9,20.88,93.3,6.99,119.37,Orange
25.7,13.9,7.9,26.13,92.11,6.95,95.77,Orange
18.2,14.1,8.4,23.63,96.73,6.96,121.92,Orange
21.1,16.1,11.3,25.54,83.3,6.95,102.5,Orange
26.5,16.4,5.8,23.36,93.73,7.35,111.47,Orange
19.6,14.2,11.8,26.69,94.35,7.24,108.77,Orange
21.1,14.9,8.8,23.47,95.64,7.17,125.89,Orange
19.5,21.4,12.5,18.35,92.01,5.79,90.75,Orange
26.2,21.5,12.9,27.16,92.82,7.12,76.15,Orange
18.7,17.0,5.0,19.96,95.16,6.34,107.2,Orange
26.4,10.6,8.3,26.56,96.67,7.26,117.43,Orange
19.5,18.2,7.4,22.53,91.3,7.59,112.68,Orange
15.7,22.2,5.0,26.33,93.0,6.63,128.88,Orange
23.4,21.5,6.9,26.2,97.24,6.9,116.96,Orange
18.5,18.9,17.3,24.09,85.83,6.76,101.94,Orange
23.1,21.7,11.8,24.33,90.13,7.49,75.52,Orange
6.4,16.2,15.8,24.07,96.6,7.04,106.84,Orange
20.0,18.5,12.5,16.76,95.48,7.69,125.82,Orange
17.7,13.3,7.8,23.15,93.77,7.17,104.52,Orange
14.7,17.2,8.9,19.45,90.85,7.1,110.82,Orange
17.2,21.3,11.8,23.31,89.55,7.03,116.72,Orange
17.1,13.6,11.3,19.37,90.43,7.33,95.17,Orange
19.8,12.6,8.3,19.25,96.84,6.3,119.75,Orange
13.2,16.4,5.5,27.61,90.31,7.03,134.96,Orange
21.6,15.1,19.9,26.01,92.5,6.97,107.81,Orange
26.8,18.6,9.6,22.79,89.94,7.29,93.46,Orange
21.4,14.2,9.0,23.35,94.73,6.92,109.4,Orange
24.0,22.9,10.3,22.06,90.58,6.58,77.03,Orange
25.5,10.8,9.3,24.51,91.91,7.0,115.45,Orange
26.2,21.0,10.4,20.77,87.15,6.57,117.18,Orange
29.4,12.9,13.9,25.78,87.36,6.23,135.53,Orange
17.5,8.8,9.6,22.04,92.22,7.29,107.49,Orange
16.4,17.0,6.5,21.54,88.22,7.23,116.53,Orange
23.9,15.0,9.5,22.87,98.52,7.19,97.48,Orange
23.5,11.6,8.6,21.03,86.02,7.52,105.05,Orange
23.9,9.3,14.3,23.79,89.8,6.73,87.52,Orange
29.4,16.0,13.5,21.19,92.25,6.43,107.48,Orange
20.1,19.9,10.3,24.21,91.1,6.97,105.82,Orange
22.1,18.3,6.2,26.45,88.89,6.86,114.89,Orange
15.1,16.2,6.3,20.64,89.33,6.66,101.05,Orange
30.7,17.9,10.0,22.41,89.23,6.97,111.65,Orange
18.3,15.9,11.0,24.18,91.34,6.76,105.4,Orange
18.5,10.3,8.9,21.49,98.06,6.27,105.43,Orange
18.3,10.3,8.6,24.19,92.43,6.82,111.61,Orange
16.8,15.2,8.2,24.47,95.75,6.55,111.01,Orange
16.4,15.4,9.9,26.05,93.72,7.09,121.82,Orange
17.4,19.4,5.0,20.98,95.54,6.74,108.59,Orange
13.2,19.0,6.7,19.97,83.8,7.44,105.15,Orange
16.1,18.4,8.1,21.88,91.29,7.64,107.69,Orange
29.7,14.9,13.6,19.9,96.12,7.27,99.68,Orange
23.7,10.5,7.6,24.49,90.48,6.38,105.0,Orange
24.6,17.6,10.5,19.31,97.49,7.6,140.87,Orange
25.9,18.1,10.7,29.8,96.65,7.63,96.71,Orange
29.2,6.4,13.9,26.69,90.79,7.01,106.22,Orange
11.1,12.7,13.8,22.84,90.69,7.53,104.59,Orange
13.9,13.2,9.8,25.4,89.16,6.78,106.69,Orange
16.0,16.5,8.6,17.89,90.31,6.25,105.43,Orange
17.7,12.8,8.0,30.37,88.5,6.7,114.59,Orange
18.5,15.8,9.3,21.03,93.49,7.69,84.75,Orange
17.8,15.2,8.7,22.44,87.83,6.4,125.96,Orange
55.1,67.2,40.2,34.69,93.08,7.0,152.81,Papaya
40.1,45.8,44.5,38.74,92.17,6.98,122.24,Papaya
31.8,56.7,49.1,29.77,96.29,6.62,127.43,Papaya
42.2,58.7,56.7,35.14,93.61,6.97,123.01,Papaya
48.1,59.1,52.8,38.14,89.88,5.79,139.83,Papaya
70.6,60.3,43.0,35.98,90.36,6.74,166.0,Papaya
54.3,63.3,49.2,36.2,94.45,7.04,142.5,Papaya
35.5,58.8,62.1,35.46,95.53,6.37,133.74,Papaya
44.5,56.4,50.7,37.6,94.06,6.37,112.09,Papaya
49.6,56.1,48.0,30.44,98.09,5.95,153.64,Papaya
52.0,54.7,53.0,29.54,97.31,7.34,126.99,Papaya
39.5,64.5,54.6,33.68,93.72,6.41,144.95,Papaya
48.9,54.5,47.3,27.22,89.88,6.8,135.52,Papaya
44.3,64.9,53.0,37.39,88.47,6.94,159.36,Papaya
41.2,59.1,48.0,37.36,91.24,7.3,139.46,Papaya
52.1,55.4,54.3,32.4,94.66,6.64,141.42,Papaya
56.2,63.3,51.0,32.59,97.88,6.48,152.31,Papaya
56.7,53.9,52.9,33.48,93.65,6.77,184.74,Papaya
54.6,63.5,45.4,33.86,95.91,7.21,160.37,Papaya
46.0,60.5,45.1,34.08,91.66,6.63,140.83,Papaya
55.7,54.8,55.7,35.37,94.27,6.32,142.66,Papaya
52.5,62.7,49.5,33.18,94.87,6.08,132.1,Papaya
51.1,62.8,51.7,36.53,86.46,6.21,123.6,Papaya
45.1,67.1,48.2,35.04,91.16,7.05,131.54,Papaya
46.0,65.8,55.4,31.88,95.25,6.57,127.16,Papaya
50.6,62.4,46.4,37.71,93.22,6.46,155.67,Papaya
69.5,51.1,49.2,29.63,88.81,6.41,121.18,Papaya
52.4,76.1,54.7,33.42,85.11,6.73,169.26,Papaya
45.1,49.2,57.0,36.6,91.3,6.6,157.64,Papaya
43.3,65.6,46.9,31.53,92.19,6.59,143.01,Papaya
46.1,62.0,61.8,34.63,89.75,7.24,142.61,Papaya
67.4,50.8,51.9,35.33,92.83,7.32,131.45,Papaya
46.8,58.1,43.7,31.12,93.92,6.06,148.0,Papaya
57.3,58.4,52.2,33.48,94.41,6.83,164.36,Papaya
47.0,68.1,47.7,33.23,85.33,6.39,128.54,Papaya
52.1,54.0,52.6,32.04,88.46,6.6,111.93,Papaya
56.3,57.2,49.7,40.61,91.49,6.82,156.66,Papaya
45.4,42.6,50.4,31.41,94.12,6.61,149.09,Papaya
44.9,71.1,44.5,36.71,93.87,6.79,120.2,Papaya
63.3,51.5,55.9,32.52,93.82,6.97,127.93,Papaya
57.9,61.3,43.1,30.44,91.25,6.82,125.42,Papaya
56.3,58.3,43.3,34.01,91.42,6.44,128.11,Papaya
56.3,58.3,52.2,35.65,90.22,6.45,136.13,Papaya
53.7,64.7,59.6,36.46,94.7,6.12,137.27,Papaya
66.1,70.7,47.9,38.39,89.64,6.36,129.58,Papaya
50.4,60.8,54.2,42.54,94.95,7.48,127.44,Papaya
54.6,63.6,56.4,34.45,93.02,6.38,138.02,Papaya
38.4,61.3,54.9,31.71,92.26,6.22,145.95,Papaya
43.4,66.1,48.1,35.06,90.43,6.83,136.27,Papaya
40.4,55.8,43.5,32.9,88.33,6.66,165.77,Papaya
60.2,66.5,36.8,36.48,90.46,6.62,152.76,Papaya
29.6,66.8,48.4,29.81,91.41,7.26,110.78,Papaya
46.8,66.6,57.1,40.81,85.29,6.92,153.07,Papaya
26.1,54.4,43.3,36.27,91.81,6.49,154.71,Papaya
43.3,57.8,54.2,28.65,95.17,6.53,133.91,Papaya
46.1,60.7,44.3,31.57,94.1,6.5,112.7,Papaya
61.1,49.4,50.6,36.15,90.91,7.05,142.76,Papaya
53.2,70.2,54.2,37.23,92.54,6.58,142.45,Papaya
43.3,58.9,46.0,29.88,90.73,5.98,120.17,Papaya
58.5,61.0,51.0,35.84,92.85,6.68,113.58,Papaya
50.1,55.0,47.5,27.86,97.02,6.09,140.85,Papaya
50.3,49.7,54.2,33.43,95.31,7.57,137.94,Papaya
40.4,54.8,51.4,37.04,93.96,6.31,134.25,Papaya
42.1,60.5,50.3,32.05,90.92,6.64,140.93,Papaya
43.4,63.7,59.4,29.18,94.65,6.8,120.54,Papaya
50.4,60.1,54.0,34.14,87.34,6.58,133.9,Papaya
50.6,61.4,45.9,31.89,91.64,6.58,153.27,Papaya
62.4,56.6,49.5,35.59,94.15,6.87,135.6,Papaya
53.1,62.5,49.5,31.04,94.62,7.31,109.16,Papaya
28.3,69.4,50.5,31.38,94.41,7.01,133.15,Papaya
52.1,63.9,65.1,27.64,93.28,7.29,121.2,Papaya
38.4,64.7,52.2,34.21,91.81,6.28,147.94,Papaya
42.3,61.1,37.8,33.22,94.01,6.83,148.98,Papaya
43.5,48.5,46.7,30.13,89.54,6.76,109.42,Papaya
44.7,51.7,38.4,34.28,89.87,6.84,157.78,Papaya
39.0,62.2,48.0,36.78,92.59,7.25,120.36,Papaya
51.6,58.9,38.1,33.05,92.92,6.61,173.78,Papaya
38.7,62.1,44.8,34.5,86.92,6.54,141.62,Papaya
52.9,70.7,40.9,34.52,93.77,6.91,117.67,Papaya
67.9,64.1,52.3,30.09,94.72,5.99,119.76,Papaya
39.4,67.8,50.0,39.87,92.17,6.61,149.56,Papaya
47.7,59.7,51.8,32.29,99.52,6.65,134.77,Papaya
29.8,53.3,49.4,35.67,90.35,6.33,140.67,Papaya
47.6,58.6,41.6,36.01,91.32,7.12,174.86,Papaya
55.1,53.4,53.1,33.28,91.21,6.28,128.62,Papaya
55.8,69.9,61.5,35.52,92.17,6.65,143.8,Papaya
50.6,64.5,52.5,34.44,91.41,6.82,171.0,Papaya
57.1,62.6,47.4,29.45,88.18,7.24,148.01,Papaya
70.4,67.7,41.4,32.7,90.76,6.7,110.47,Papaya
63.7,44.9,44.6,31.86,92.11,7.07,152.71,Papaya
45.8,63.1,52.7,32.31,96.09,6.98,119.34,Papaya
38.4,49.8,56.4,29.79,99.01,6.75,170.74,Papaya
46.8,58.9,51.6,37.08,96.41,6.26,126.14,Papaya
42.4,56.8,54.8,38.51,90.07,6.13,201.99,Papaya
53.6,63.6,54.2,36.63,90.31,6.74,171.95,Papaya
40.6,60.6,53.0,37.51,91.92,6.48,126.67,Papaya
49.4,68.4,46.0,32.67,97.75,7.07,143.0,Papaya
56.7,54.8,51.0,31.79,91.9,7.0,157.67,Papaya
49.2,64.0,44.9,31.36,88.42,6.63,158.27,Papaya
42.4,60.1,50.1,35.63,90.9,6.24,151.45,Papaya
28.3,16.3,38.0,26.1,94.83,6.01,179.87,Coconut
21.4,19.0,24.9,27.2,96.12,5.32,212.22,Coconut
20.2,13.0,28.9,30.36,90.77,5.94,160.43,Coconut
20.3,13.9,30.5,28.42,92.5,5.33,178.37,Coconut
26.3,19.0,25.2,24.14,94.43,6.04,194.38,Coconut
23.8,20.8,21.2,23.86,92.58,5.05,142.67,Coconut
23.5,14.5,28.9,27.27,92.76,5.16,253.11,Coconut
26.0,11.7,28.4,24.97,93.93,6.23,176.41,Coconut
11.7,30.1,28.1,28.7,96.42,5.68,179.25,Coconut
23.6,20.1,31.1,27.48,93.94,5.5,207.12,Coconut
23.1,15.9,37.1,27.73,97.5,6.41,198.57,Coconut
30.3,20.5,28.5,25.99,92.31,6.03,176.65,Coconut
14.4,16.5,30.9,30.88,91.67,6.25,178.95,Coconut
29.8,20.5,33.6,33.09,99.62,5.83,138.1,Coconut
22.4,17.6,32.8,26.84,93.16,6.97,161.79,Coconut
24.4,17.4,26.9,28.11,91.52,5.66,188.63,Coconut
30.4,16.5,30.5,27.59,90.44,6.6,186.8,Coconut
24.8,11.2,32.7,26.88,97.49,5.88,206.23,Coconut
24.0,24.8,24.4,25.74,93.95,5.24,172.69,Coconut
23.2,13.2,36.3,25.23,94.17,6.09,141.02,Coconut
19.6,11.6,37.2,25.13,94.4,6.03,202.12,Coconut
21.9,16.1,26.4,28.21,97.33,5.48,211.6,Coconut
18.4,13.2,31.0,26.36,94.35,5.53,198.16,Coconut
21.8,16.8,33.2,22.24,100.0,5.89,171.61,Coconut
10.3,19.8,27.3,28.29,95.13,6.04,201.81,Coconut
24.1,21.0,32.4,27.32,97.45,4.91,261.42,Coconut
21.4,20.3,30.8,30.09,96.81,6.32,178.58,Coconut
20.3,15.8,22.7,28.15,94.71,5.7,142.91,Coconut
23.1,17.2,32.3,24.44,93.33,5.37,161.04,Coconut
14.8,18.6,24.5,22.94,95.63,6.28,191.34,Coconut
31.6,10.0,34.7,25.96,96.08,5.89,135.58,Coconut
21.5,19.3,26.6,26.15,93.37,6.39,179.94,Coconut
21.3,11.2,29.2,29.29,95.22,6.08,185.21,Coconut
17.2,25.2,36.9,27.38,97.89,5.9,214.08,Coconut
22.1,15.4,32.5,29.67,99.97,5.84,208.45,Coconut
28.9,16.3,24.6,24.75,96.94,6.09,197.31,Coconut
27.2,13.9,24.9,29.33,99.46,5.73,121.63,Coconut
26.3,14.5,27.0,28.84,93.23,5.56,198.73,Coconut
24.7,26.1,32.0,23.36,96.55,6.14,193.34,Coconut
20.2,20.8,31.8,30.05,98.15,5.84,182.1,Coconut
14.7,10.8,25.8,27.59,92.56,5.91,132.44,Coconut
21.0,23.0,24.2,28.18,93.59,6.34,156.28,Coconut
20.8,21.8,31.4,25.67,99.14,5.85,146.53,Coconut
27.2,15.9,29.1,29.95,92.36,5.91,125.32,Coconut
23.5,18.2,40.8,25.03,91.45,5.66,175.63,Coconut
30.1,16.9,30.2,29.06,98.62,6.07,155.75,Coconut
28.0,24.9,39.1,29.04,97.79,6.04,241.33,Coconut
19.7,13.8,24.1,25.45,95.88,6.26,171.48,Coconut
13.0,17.6,22.1,31.37,94.69,5.67,208.04,Coconut
28.9,15.3,24.4,27.86,93.7,5.72,136.47,Coconut
28.8,11.3,35.9,28.71,95.5,6.22,162.45,Coconut
15.2,25.8,38.8,24.35,98.75,6.0,178.12,Coconut
29.5,12.3,26.1,31.64,95.4,5.54,153.0,Coconut
23.9,17.9,27.7,24.95,100.0,6.42,165.14,Coconut
22.8,10.0,24.2,29.45,92.56,5.22,170.25,Coconut
30.1,15.4,20.9,25.41,94.75,6.21,169.85,Coconut
28.7,18.7,33.6,26.16,93.87,5.39,222.08,Coconut
25.3,13.7,31.1,28.98,92.09,6.65,185.16,Coconut
24.4,19.3,30.1,29.46,94.42,5.28,187.69,Coconut
25.1,15.9,23.0,24.86,95.84,6.36,189.19,Coconut
20.0,21.6,38.2,29.58,96.11,5.87,191.02,Coconut
21.7,22.4,27.5,29.49,100.0,5.75,173.63,Coconut
17.5,14.7,32.7,25.52,95.96,5.97,167.68,Coconut
20.3,17.3,22.7,30.6,97.68,6.15,179.87,Coconut
20.2,17.7,29.0,24.49,94.97,5.54,204.62,Coconut
18.8,19.5,31.5,26.15,99.0,5.57,203.86,Coconut
22.7,17.1,31.6,28.36,100.0,6.16,169.69,Coconut
20.4,17.8,30.8,25.69,96.13,5.22,194.9,Coconut
24.5,16.0,32.5,27.93,92.32,5.67,170.84,Coconut
13.9,17.5,24.3,27.88,93.43,7.12,176.55,Coconut
21.4,22.2,31.0,27.03,95.5,5.51,163.86,Coconut
22.7,19.6,30.6,29.06,95.94,6.36,171.16,Coconut
20.4,19.8,31.2,26.94,96.55,5.67,209.23,Coconut
21.1,19.9,30.4,27.86,95.95,6.1,178.01,Coconut
14.1,16.4,23.6,29.69,94.82,6.16,179.08,Coconut
23.8,18.3,23.4,28.98,93.21,6.35,139.52,Coconut
25.2,12.7,18.9,28.97,95.8,5.82,167.97,Coconut
24.5,22.1,34.1,25.1,99.44,6.7,169.67,Coconut
27.2,5.9,34.1,28.45,97.35,5.66,154.97,Coconut
23.0,16.7,34.2,25.64,96.14,5.99,176.24,Coconut
24.4,21.6,31.5,24.84,97.37,6.0,164.97,Coconut
22.8,11.5,19.3,27.26,93.87,5.45,177.7,Coconut
25.4,18.6,24.9,25.59,93.53,5.79,178.74,Coconut
14.1,14.3,30.9,28.98,92.93,5.96,151.81,Coconut
17.5,15.5,30.7,29.03,94.49,5.73,165.73,Coconut
29.9,20.8,28.9,23.59,93.74,6.88,177.63,Coconut
9.7,17.8,31.8,25.74,97.82,5.56,205.31,Coconut
21.3,8.9,30.1,24.48,93.61,6.37,182.12,Coconut
27.9,13.1,30.6,26.47,92.79,6.24,159.15,Coconut
21.5,20.9,26.8,28.31,99.66,5.89,185.68,Coconut
20.0,18.8,34.9,26.92,93.67,5.55,218.39,Coconut
22.6,24.0,27.8,26.22,95.18,5.59,198.62,Coconut
20.2,23.7,23.3,30.0,95.93,5.69,189.39,Coconut
22.2,15.6,26.1,22.79,91.96,5.19,193.84,Coconut
18.6,27.0,28.3,29.87,97.89,5.5,211.7,Coconut
27.5,17.1,35.0,26.31,96.39,5.31,202.59,Coconut
29.1,13.1,29.8,27.24,98.7,6.44,189.87,Coconut
21.3,14.5,29.1,26.35,93.1,6.15,202.42,Coconut
15.1,8.0,23.8,30.49,95.05,6.21,148.66,Coconut
19.4,23.4,33.9,24.94,94.9,6.14,138.14,Coconut
119.6,37.6,21.7,21.77,77.06,6.94,79.64,Cotton
118.7,38.2,20.9,24.14,73.84,6.21,77.01,Cotton
112.6,45.6,23.1,28.54,76.09,7.88,79.7,Cotton
126.3,39.8,22.2,27.37,76.8,6.71,68.4,Cotton
99.4,38.9,22.9,26.27,81.89,7.2,58.09,Cotton
112.7,46.8,25.4,25.99,84.41,6.89,48.98,Cotton
113.2,34.0,23.5,25.75,73.91,6.58,78.43,Cotton
101.6,37.9,19.4,26.9,81.21,6.53,73.93,Cotton
132.9,62.4,15.5,22.86,75.09,7.53,70.26,Cotton
104.4,49.7,26.7,20.61,82.32,7.28,100.24,Cotton
112.1,40.0,19.0,24.17,77.31,7.68,67.51,Cotton
127.1,49.3,18.1,21.96,75.59,6.92,101.65,Cotton
124.5,50.5,13.1,21.36,83.0,7.02,104.76,Cotton
106.9,54.0,21.4,22.2,77.45,6.79,51.14,Cotton
124.8,45.0,20.6,30.21,78.54,6.79,81.79,Cotton
120.9,53.8,13.9,24.34,70.92,6.48,74.4,Cotton
141.3,29.7,21.8,24.9,83.59,6.93,36.72,Cotton
122.0,37.5,18.0,20.94,83.08,6.58,58.73,Cotton
116.6,47.3,30.8,19.39,79.82,7.08,92.02,Cotton
109.4,48.6,17.7,21.95,73.69,6.97,110.69,Cotton
110.6,38.7,18.3,27.6,84.64,7.02,93.94,Cotton
109.7,48.1,16.5,24.84,77.13,7.57,85.25,Cotton
131.7,41.0,25.1,25.5,77.99,6.88,80.08,Cotton
118.2,43.8,18.5,25.85,89.05,7.2,105.64,Cotton
123.7,54.2,17.1,22.52,76.99,7.72,112.62,Cotton
133.1,53.3,22.8,27.47,82.77,7.42,71.6,Cotton
94.4,38.0,14.5,22.42,82.05,7.36,50.4,Cotton
130.8,37.5,22.5,27.52,81.36,6.78,48.93,Cotton
118.6,42.7,27.1,25.11,80.93,6.99,100.23,Cotton
122.4,45.8,22.3,19.53,81.31,6.37,79.69,Cotton
109.7,40.7,22.6,22.13,80.89,7.1,83.15,Cotton
110.4,54.3,23.5,19.54,79.59,7.01,53.54,Cotton
122.9,48.8,26.8,26.91,85.85,6.91,69.1,Cotton
141.8,49.2,24.8,23.94,74.55,7.31,75.97,Cotton
128.0,35.9,21.8,18.43,83.89,6.42,83.52,Cotton
130.7,55.3,23.6,24.94,83.09,7.55,74.42,Cotton
116.1,23.4,16.5,22.66,82.59,7.26,64.84,Cotton
112.0,52.7,23.1,20.29,84.27,6.87,68.63,Cotton
110.2,53.5,16.0,28.19,79.43,6.84,98.52,Cotton
113.1,42.5,18.5,24.27,72.32,7.09,84.07,Cotton
97.5,56.2,7.7,23.27,79.51,7.51,89.58,Cotton
110.8,45.5,21.6,23.0,75.84,6.94,66.92,Cotton
112.4,46.5,17.4,20.22,76.87,6.96,36.09,Cotton
116.2,48.7,24.4,20.74,74.83,6.91,72.55,Cotton
119.3,71.5,21.6,27.21,77.89,7.61,67.4,Cotton
121.6,56.8,24.5,22.82,77.41,6.75,85.64,Cotton
117.9,51.6,15.7,24.06,70.29,6.89,129.69,Cotton
112.2,38.7,24.2,18.89,82.6,7.49,90.83,Cotton
98.4,47.1,28.4,20.7,88.68,6.96,121.44,Cotton
112.2,39.5,23.1,25.52,82.22,7.35,88.93,Cotton
108.3,52.6,23.2,24.94,78.99,6.54,70.95,Cotton
122.7,47.1,20.7,28.38,79.58,6.82,85.62,Cotton
127.1,37.0,17.9,27.36,78.12,7.49,107.11,Cotton
127.4,46.6,23.0,23.42,80.16,6.63,107.84,Cotton
125.6,39.2,14.0,25.18,79.65,6.84,71.77,Cotton
116.7,47.2,18.3,23.21,76.44,7.0,84.2,Cotton
112.8,39.1,12.9,29.14,86.53,6.5,58.96,Cotton
110.5,46.2,17.2,26.87,73.85,6.73,92.77,Cotton
102.9,52.0,22.6,24.42,82.67,6.95,103.7,Cotton
127.9,45.6,22.0,24.5,79.4,6.92,81.0,Cotton
116.3,42.9,20.2,27.61,87.4,7.41,70.39,Cotton
105.5,47.6,20.7,25.45,81.16,7.52,85.8,Cotton
109.7,51.6,12.5,27.9,78.36,6.56,86.66,Cotton
109.3,37.1,18.5,18.52,78.81,6.94,81.62,Cotton
118.4,48.1,17.3,25.15,79.96,7.17,83.08,Cotton
128.7,56.5,17.4,22.71,75.23,7.51,77.79,Cotton
114.5,50.6,22.4,28.39,76.73,7.19,95.34,Cotton
95.5,46.5,16.6,27.87,72.66,7.02,91.44,Cotton
116.1,51.1,17.6,24.08,76.11,7.17,65.65,Cotton
116.4,49.6,11.7,27.84,80.18,7.17,65.24,Cotton
115.8,52.0,18.8,28.46,81.0,6.53,76.58,Cotton
111.7,29.8,15.6,24.19,71.88,6.98,91.45,Cotton
120.2,33.6,20.3,30.18,79.25,7.48,82.62,Cotton
118.7,54.0,16.2,23.92,82.05,6.82,70.75,Cotton
117.8,34.0,20.4,23.46,79.15,6.95,84.32,Cotton
122.1,49.2,19.4,26.16,77.26,6.8,75.44,Cotton
113.7,43.2,26.7,23.12,78.15,5.97,93.61,Cotton
113.1,38.0,22.0,24.21,77.64,6.91,85.4,Cotton
131.8,48.8,12.6,27.52,77.25,7.02,75.67,Cotton
123.6,47.6,14.9,24.05,80.5,6.7,83.87,Cotton
126.3,62.9,20.2,19.76,89.03,6.44,100.13,Cotton
130.3,41.0,16.3,24.92,76.83,6.55,71.86,Cotton
123.3,57.5,8.1,22.26,78.53,7.21,86.44,Cotton
127.3,48.8,25.4,26.16,79.59,7.69,79.34,Cotton
102.2,40.7,22.9,25.74,77.05,7.45,86.8,Cotton
120.0,52.4,22.1,27.68,84.19,6.36,70.58,Cotton
116.2,50.5,17.6,26.27,70.32,7.24,82.06,Cotton
134.8,46.3,21.7,26.73,77.68,6.63,97.02,Cotton
127.3,48.1,17.2,22.33,83.07,6.67,66.34,Cotton
111.7,41.2,20.8,26.01,78.62,6.72,60.46,Cotton
121.7,39.4,16.3,28.92,76.52,7.18,61.03,Cotton
119.7,52.1,26.1,22.28,81.56,7.28,62.84,Cotton
122.5,44.2,13.7,28.5,83.43,6.86,89.33,Cotton
107.8,45.4,24.9,22.63,80.64,6.87,59.31,Cotton
121.6,48.2,20.2,21.87,76.6,7.09,75.93,Cotton
115.7,48.1,18.0,24.74,81.62,7.13,89.67,Cotton
120.8,34.6,20.7,25.79,78.19,7.37,86.65,Cotton
110.8,56.3,22.9,26.28,82.78,6.39,74.62,Cotton
112.1,47.0,25.5,21.6,85.73,6.91,83.26,Cotton
129.7,44.4,21.3,25.09,69.38,6.47,82.01,Cotton
75.8,29.7,33.0,25.19,79.38,7.17,208.06,Jute
75.9,43.6,40.9,23.39,74.41,6.71,222.0,Jute
100.4,55.0,33.4,27.85,83.08,7.02,183.08,Jute
86.1,43.6,40.8,22.01,82.57,6.99,187.47,Jute
102.8,41.1,46.9,24.23,76.9,6.92,121.47,Jute
73.0,65.2,38.6,23.51,82.43,6.57,227.29,Jute
77.2,61.6,34.1,22.58,81.1,6.77,160.41,Jute
64.7,50.7,39.4,24.34,74.48,6.46,151.46,Jute
69.9,56.1,35.8,23.17,76.18,6.71,168.42,Jute
97.0,29.2,43.0,24.93,84.15,6.23,212.59,Jute
72.8,40.7,39.3,24.95,80.84,6.38,230.0,Jute
97.2,43.2,48.5,23.66,77.34,6.59,177.94,Jute
65.6,45.1,45.8,24.16,76.17,6.32,199.75,Jute
67.5,43.1,39.2,24.44,77.54,6.5,175.88,Jute
74.6,26.6,43.6,26.52,77.82,6.63,148.86,Jute
77.4,50.1,38.0,24.6,76.22,6.86,211.72,Jute
87.2,51.3,40.2,26.55,72.63,7.08,159.25,Jute
82.5,59.8,38.2,26.07,84.16,6.51,213.19,Jute
73.8,40.7,43.8,26.04,83.48,7.23,207.26,Jute
76.7,40.0,47.2,27.68,74.51,7.08,190.15,Jute
74.8,25.6,44.0,22.66,80.15,6.9,220.52,Jute
68.9,44.7,44.6,23.95,75.99,6.76,230.61,Jute
69.1,54.2,44.6,28.43,78.55,6.83,170.42,Jute
88.3,42.1,42.8,24.39,78.22,7.17,154.58,Jute
59.7,64.1,34.3,19.27,77.89,7.19,128.19,Jute
94.2,44.9,48.5,24.49,87.61,7.23,230.92,Jute
74.6,48.2,49.0,25.17,77.84,6.72,163.81,Jute
70.3,36.1,38.8,19.67,76.37,6.92,203.18,Jute
85.4,49.3,38.1,27.57,76.55,7.24,156.27,Jute
92.9,31.2,43.1,23.47,83.78,6.45,213.26,Jute
89.2,52.5,42.8,25.56,72.99,6.57,157.3,Jute
83.0,52.8,39.0,24.45,76.55,6.71,145.01,Jute
88.9,57.9,33.7,22.32,85.39,7.06,169.59,Jute
60.8,38.8,41.5,22.76,80.58,7.07,161.51,Jute
72.8,48.3,42.8,23.03,80.37,6.61,189.71,Jute
68.9,51.5,43.6,27.07,88.13,6.1,173.52,Jute
90.2,50.5,41.7,24.6,80.59,6.8,190.49,Jute
74.2,40.1,38.6,23.86,76.77,6.33,167.52,Jute
86.5,27.9,45.0,23.03,78.47,6.1,158.17,Jute
83.4,49.8,40.3,27.29,75.06,6.19,160.21,Jute
69.4,45.8,37.7,27.83,84.62,6.83,225.92,Jute
72.1,42.5,39.1,27.27,81.9,7.24,180.43,Jute
90.9,53.1,31.3,25.88,84.1,6.72,125.21,Jute
70.2,46.6,39.1,25.48,84.45,6.78,161.79,Jute
79.2,36.4,43.4,22.47,77.94,7.17,177.22,Jute
70.2,31.5,41.7,24.41,75.82,6.08,220.93,Jute
74.9,38.0,47.6,23.53,79.39,6.91,200.52,Jute
77.5,66.1,38.7,21.25,76.11,6.7,151.76,Jute
70.2,52.8,42.4,27.01,80.26,6.93,235.26,Jute
68.4,48.5,44.0,23.51,84.13,6.51,174.02,Jute
80.9,45.5,51.7,27.29,78.93,6.37,205.96,Jute
69.6,45.0,40.7,26.66,80.2,6.76,145.92,Jute
69.9,56.3,34.8,26.01,79.22,7.36,114.85,Jute
68.6,43.1,44.2,26.13,82.81,7.04,139.59,Jute
77.2,51.6,49.3,23.67,76.93,6.5,93.54,Jute
87.4,44.2,38.4,28.62,70.81,6.16,227.6,Jute
93.1,62.5,44.2,24.99,81.48,6.03,180.16,Jute
70.7,52.9,46.1,25.5,83.55,7.23,151.68,Jute
99.5,57.0,45.1,23.6,81.39,6.32,186.12,Jute
68.0,42.3,40.6,23.04,77.04,6.57,179.53,Jute
88.8,55.5,36.5,25.85,75.06,7.23,190.32,Jute
70.8,44.5,39.6,25.34,81.58,6.05,205.04,Jute
69.3,47.9,42.3,23.32,80.17,7.3,167.55,Jute
70.6,60.1,44.5,22.02,79.1,6.6,152.8,Jute
77.5,38.7,41.7,22.36,86.89,6.24,195.49,Jute
83.8,48.6,38.1,27.29,75.81,6.6,194.86,Jute
84.7,50.5,42.8,23.67,86.7,6.41,177.32,Jute
68.6,51.2,44.3,24.22,79.73,6.88,229.24,Jute
68.1,43.4,41.9,27.8,72.26,6.44,163.85,Jute
68.8,63.7,35.8,22.66,78.88,5.94,152.3,Jute
76.9,36.6,39.1,23.45,83.44,6.61,185.25,Jute
75.9,58.7,44.7,23.36,78.14,6.16,157.93,Jute
68.5,56.7,33.1,28.14,73.7,6.78,187.19,Jute
80.7,62.2,29.5,28.89,78.94,6.23,153.97,Jute
100.6,34.3,47.5,26.4,76.17,6.5,164.79,Jute
73.0,40.0,42.6,26.47,81.57,6.77,222.07,Jute
73.7,58.9,43.0,23.74,82.69,6.62,164.66,Jute
83.6,32.0,34.6,28.79,75.37,6.8,154.83,Jute
72.4,34.1,43.7,25.44,76.78,6.97,204.07,Jute
84.7,43.1,41.4,26.61,82.63,6.24,148.52,Jute
70.8,48.5,32.1,24.69,76.16,6.67,157.48,Jute
96.3,59.7,47.1,24.36,75.27,5.37,189.21,Jute
81.4,45.5,40.8,28.23,74.89,6.8,198.26,Jute
71.8,42.1,38.0,25.98,81.01,6.58,205.31,Jute
72.1,49.5,38.1,27.8,80.84,6.31,156.12,Jute
72.9,50.8,29.9,25.41,76.86,6.83,189.7,Jute
91.7,50.5,43.0,23.2,79.62,7.17,163.15,Jute
65.3,45.6,41.3,23.73,85.71,6.51,159.66,Jute
71.3,31.4,39.0,25.11,75.7,6.32,204.88,Jute
72.4,39.7,46.4,23.65,71.79,6.77,161.06,Jute
77.8,58.4,33.1,22.69,81.42,6.17,181.76,Jute
75.3,48.5,37.0,27.3,79.16,6.44,178.69,Jute
63.1,44.4,35.7,23.81,76.76,7.19,148.03,Jute
74.0,55.9,38.6,25.18,82.21,6.72,198.95,Jute
77.0,38.0,40.3,25.49,82.96,5.95,188.81,Jute
71.7,45.2,42.2,23.72,70.77,5.98,125.14,Jute
84.9,48.1,38.3,27.8,76.99,6.76,181.74,Jute
87.2,43.5,35.6,22.67,88.87,7.04,155.48,Jute
77.2,47.8,48.4,25.42,81.93,6.05,202.23,Jute
80.3,45.5,52.1,25.39,82.3,6.88,138.67,Jute
97.4,28.0,27.3,25.14,66.26,7.18,109.48,Coffee
104.6,32.7,31.3,25.42,51.8,7.1,179.86,Coffee
101.5,18.6,27.5,25.66,63.49,6.28,168.54,Coffee
108.6,29.2,28.8,27.87,51.31,7.07,152.53,Coffee
85.8,31.6,22.7,23.63,61.91,6.95,169.35,Coffee
117.5,25.7,35.7,23.38,68.21,7.04,138.54,Coffee
106.3,29.4,32.6,28.59,57.84,7.0,159.55,Coffee
114.6,25.9,34.0,24.34,57.62,6.98,174.0,Coffee
109.7,25.4,36.5,22.34,61.95,7.88,96.21,Coffee
100.9,27.0,25.9,24.29,57.25,6.77,149.16,Coffee
88.2,25.4,28.2,24.67,67.99,7.17,157.65,Coffee
95.4,32.4,20.5,29.39,59.86,6.61,154.17,Coffee
116.9,25.3,45.7,27.81,57.3,7.12,187.24,Coffee
114.9,24.5,29.3,28.37,56.2,7.18,135.62,Coffee
94.8,37.8,35.2,27.55,54.24,6.95,145.68,Coffee
72.8,33.8,23.8,27.87,55.76,7.47,119.78,Coffee
98.9,19.7,35.0,23.78,57.15,6.45,188.31,Coffee
98.1,25.2,39.3,25.0,56.46,6.61,153.17,Coffee
98.5,30.2,29.7,23.03,55.61,6.88,149.33,Coffee
106.3,30.6,24.9,24.97,69.39,7.15,157.05,Coffee
109.8,21.5,29.3,27.21,53.75,6.87,170.82,Coffee
110.9,34.8,18.9,25.84,59.63,7.31,165.05,Coffee
105.5,33.1,29.8,28.78,61.86,6.54,211.06,Coffee
83.0,31.4,34.1,22.65,62.05,6.34,167.18,Coffee
97.6,35.8,29.8,26.75,58.61,6.92,148.8,Coffee
124.0,31.3,28.6,22.38,57.7,6.77,146.87,Coffee
104.7,31.2,32.6,25.74,61.16,7.02,150.24,Coffee
104.7,36.8,33.0,27.35,60.23,6.79,128.06,Coffee
104.6,34.5,21.7,24.96,57.61,6.66,158.9,Coffee
105.2,24.8,30.4,26.88,51.09,6.77,173.77,Coffee
77.2,32.2,42.2,23.1,56.56,6.81,145.83,Coffee
98.6,25.7,23.3,21.34,53.17,6.68,141.95,Coffee
100.6,31.5,29.6,26.89,55.56,6.72,188.42,Coffee
113.8,31.4,39.7,29.86,59.07,6.64,129.57,Coffee
101.5,22.1,35.5,23.01,60.69,7.14,116.74,Coffee
84.5,28.4,27.4,28.56,67.8,6.88,135.04,Coffee
105.3,30.3,31.0,25.61,56.21,7.7,127.29,Coffee
93.0,26.8,30.0,22.16,62.77,6.86,165.82,Coffee
88.8,30.6,26.3,22.67,60.43,6.58,150.89,Coffee
92.7,33.0,29.6,25.54,65.38,7.87,153.71,Coffee
106.4,28.8,28.6,24.49,61.78,6.97,181.16,Coffee
113.6,30.1,30.6,22.22,53.86,7.2,144.27,Coffee
105.8,35.9,26.3,21.26,50.28,7.04,173.6,Coffee
107.3,31.4,23.6,23.38,60.46,7.05,188.33,Coffee
105.7,30.0,29.8,25.98,56.26,7.01,148.99,Coffee
102.0,24.2,38.6,25.48,54.0,6.36,172.84,Coffee
108.0,32.4,30.4,24.25,52.56,6.95,153.26,Coffee
76.8,30.7,28.3,26.0,59.7,6.27,176.58,Coffee
102.1,35.4,33.8,28.1,66.44,6.73,126.67,Coffee
90.6,29.2,29.2,26.49,56.86,6.51,125.19,Coffee
112.6,19.9,39.3,25.2,61.85,6.94,150.27,Coffee
99.5,20.5,30.0,27.82,58.39,6.93,140.32,Coffee
101.3,32.7,33.5,23.1,52.45,6.99,147.77,Coffee
85.9,26.1,26.2,24.94,62.57,6.91,153.71,Coffee
111.2,31.2,32.5,25.0,53.43,6.56,172.5,Coffee
107.3,29.6,31.4,22.41,59.01,6.7,149.95,Coffee
106.6,28.2,29.7,24.45,57.19,7.17,141.62,Coffee
92.9,28.5,27.5,20.31,63.37,7.23,151.07,Coffee
93.3,24.7,26.8,30.28,53.61,6.34,142.72,Coffee
103.2,28.9,31.4,23.16,60.85,6.19,139.42,Coffee
94.1,26.1,33.1,29.47,54.7,6.51,125.84,Coffee
105.3,27.1,29.4,25.6,56.34,7.22,159.49,Coffee
79.4,27.4,31.4,26.91,40.72,7.29,146.73,Coffee
96.1,27.9,29.8,24.28,69.36,6.43,177.43,Coffee
119.0,33.6,30.5,26.02,61.65,6.92,129.15,Coffee
105.4,28.4,29.0,27.13,55.06,7.53,147.26,Coffee
102.7,34.1,30.1,27.16,53.28,6.97,194.36,Coffee
120.9,36.7,43.5,27.44,56.42,7.37,139.31,Coffee
77.6,33.3,31.6,24.58,62.48,7.2,153.37,Coffee
92.8,31.7,33.2,24.3,49.44,6.44,133.78,Coffee
97.0,30.6,32.2,21.51,58.19,6.72,131.13,Coffee
109.6,33.3,28.7,26.81,67.75,6.81,189.05,Coffee
109.8,29.4,36.5,28.21,53.23,6.84,161.52,Coffee
92.3,33.9,28.5,29.54,59.3,7.17,160.77,Coffee
111.0,32.1,35.3,26.26,69.92,6.96,124.17,Coffee
97.0,27.2,28.3,23.58,62.06,5.63,165.27,Coffee
113.1,33.5,25.2,21.26,59.53,6.27,181.25,Coffee
90.7,29.5,31.8,28.1,61.43,5.93,181.09,Coffee
99.8,28.5,24.5,21.01,56.9,6.87,171.47,Coffee
96.1,26.6,32.7,24.65,65.4,6.9,135.51,Coffee
111.6,29.8,24.0,24.94,56.9,6.91,164.36,Coffee
95.8,34.0,28.4,25.33,49.1,6.42,171.45,Coffee
100.6,33.4,22.8,25.59,56.94,7.07,122.21,Coffee
106.1,30.8,44.1,25.85,54.07,7.09,135.67,Coffee
106.5,32.0,21.7,19.46,57.49,6.3,175.86,Coffee
109.9,35.4,30.0,25.54,57.6,6.21,175.62,Coffee
103.1,28.3,35.7,19.93,64.89,6.8,127.13,Coffee
96.8,23.4,35.2,27.33,62.38,7.52,174.0,Coffee
97.5,35.5,34.3,24.11,60.22,7.48,160.01,Coffee
101.3,26.4,28.4,20.11,58.89,7.03,173.72,Coffee
103.5,25.5,36.8,23.46,53.61,6.51,145.41,Coffee
99.5,20.0,34.6,24.07,47.99,7.15,171.0,Coffee
101.2,31.9,31.1,28.48,59.47,6.62,174.98,Coffee
85.8,20.9,31.2,25.99,62.87,6.49,151.07,Coffee
107.7,25.2,28.5,26.36,58.36,5.94,158.46,Coffee
102.8,31.9,25.5,28.45,56.23,6.84,145.13,Coffee
111.0,32.6,36.2,25.26,61.22,6.55,191.13,Coffee
101.0,25.7,36.6,27.39,58.48,6.84,155.69,Coffee
83.6,28.3,25.6,27.21,67.33,5.88,139.66,Coffee
97.4,24.6,29.2,22.28,65.06,6.87,143.78,Coffee
